-- phpMyAdmin SQL Dump
-- version 4.8.4
-- https://www.phpmyadmin.net/
--
-- Хост: pn341543.mysql.ukraine.com.ua
-- Время создания: Мар 21 2019 г., 16:50
-- Версия сервера: 5.7.16-10-log
-- Версия PHP: 7.0.33

SET SQL_MODE = "NO_AUTO_VALUE_ON_ZERO";
SET AUTOCOMMIT = 0;
START TRANSACTION;
SET time_zone = "+00:00";


/*!40101 SET @OLD_CHARACTER_SET_CLIENT=@@CHARACTER_SET_CLIENT */;
/*!40101 SET @OLD_CHARACTER_SET_RESULTS=@@CHARACTER_SET_RESULTS */;
/*!40101 SET @OLD_COLLATION_CONNECTION=@@COLLATION_CONNECTION */;
/*!40101 SET NAMES utf8mb4 */;

--
-- База данных: `pn341543_db`
--

-- --------------------------------------------------------

--
-- Структура таблицы `data_actions`
--

CREATE TABLE `data_actions` (
  `id` int(11) NOT NULL,
  `name` varchar(100) NOT NULL,
  `price` varchar(100) NOT NULL,
  `status` enum('0','1') NOT NULL DEFAULT '1'
) ENGINE=MyISAM DEFAULT CHARSET=utf8;

--
-- Дамп данных таблицы `data_actions`
--

INSERT INTO `data_actions` (`id`, `name`, `price`, `status`) VALUES
(1, 'Порезка заготовки', '0.85', '1'),
(2, 'Ток. обработка на УН', '0.99', '1'),
(3, 'Ток. обработка на ЧПУ', '0.85', '1'),
(4, 'Фрезерование', '0.99', '1'),
(5, 'Слесарные операции', '0.99', '1'),
(6, 'Сборочные операции', '0.99', '1'),
(7, 'Закатка цилиндра', '0.99', '1');

-- --------------------------------------------------------

--
-- Структура таблицы `drawings`
--

CREATE TABLE `drawings` (
  `id` int(11) NOT NULL,
  `filename` varchar(100) NOT NULL,
  `id_prod` int(11) NOT NULL,
  `date_add` varchar(100) NOT NULL,
  `note` text NOT NULL,
  `status` enum('0','1') NOT NULL DEFAULT '1'
) ENGINE=MyISAM DEFAULT CHARSET=utf8 ROW_FORMAT=COMPACT;

-- --------------------------------------------------------

--
-- Структура таблицы `orders`
--

CREATE TABLE `orders` (
  `id` int(11) NOT NULL,
  `symbol` varchar(50) NOT NULL,
  `state` tinyint(1) NOT NULL,
  `type` tinyint(1) NOT NULL,
  `date_exec` varchar(100) NOT NULL,
  `date_reg` varchar(100) NOT NULL,
  `rating` tinyint(4) NOT NULL,
  `note` text NOT NULL,
  `status` enum('0','1') NOT NULL DEFAULT '1'
) ENGINE=MyISAM DEFAULT CHARSET=utf8;

--
-- Дамп данных таблицы `orders`
--

INSERT INTO `orders` (`id`, `symbol`, `state`, `type`, `date_exec`, `date_reg`, `rating`, `note`, `status`) VALUES
(1, 'PN000000196', 4, 1, '1551375114', '', 0, '', '1'),
(2, 'PN000000619', 4, 1, '1551375201', '', 0, '', '1'),
(3, 'SP000000198', 4, 1, '1551375270', '', 0, '', '1'),
(4, 'SP000000648', 4, 1, '1551375369', '', 0, '', '1'),
(5, 'SP000000582', 3, 1, '1551375455', '', 0, '', '1'),
(6, 'PN000000163', 4, 1, '1551375778', '', 0, '', '1'),
(7, 'SP000000505', 4, 1, '1551375881', '', 0, '', '1'),
(8, 'SP000000599', 4, 1, '1551375955', '', 0, '', '1'),
(9, 'PN000000212', 4, 1, '1551338974', '', 0, '', '1'),
(10, 'SP000000609', 4, 1, '1551339100', '', 0, '', '1'),
(11, 'SP000000658', 4, 1, '1551339323', '', 0, '', '1'),
(12, 'SP000000655', 4, 1, '1551339635', '', 0, '', '1'),
(13, 'SP000000663', 4, 1, '1551872261', '', 0, 'Шток диаметром 30мм', '1'),
(14, 'PN000000204', 4, 1, '1551441310', '', 0, '', '1'),
(15, 'SP000000677', 4, 1, '1549022428', '', 0, '', '1'),
(16, 'SP000000684', 4, 1, '1551360883', '', 0, '', '1'),
(17, 'PN000000225', 4, 1, '1551693524', '', 0, '', '1'),
(18, 'SP000000645', 1, 1, '', '', 0, '', '0'),
(19, 'SP000000660', 4, 1, '1551797844', '', 0, '', '1'),
(20, '000001', 4, 1, '', '', 0, 'Точить Барабаны на накатку нижний', '1'),
(21, 'PN000000228', 4, 1, '1551770094', '', 0, '', '1'),
(22, 'PN000000187', 4, 1, '1551770380', '', 0, '', '1'),
(23, 'SP000000667', 4, 1, '1551786625', '', 0, '', '1'),
(24, 'SP000000704', 4, 1, '1551786844', '', 0, '', '1'),
(25, 'SP000000705', 4, 1, '1551787309', '', 0, '', '1'),
(26, 'SP000000707', 4, 1, '1551787510', '', 0, '', '1'),
(27, 'PN000000234', 4, 1, '1551797055', '', 0, '', '1'),
(28, 'SP000000627', 4, 1, '1551779475', '', 0, '', '1'),
(29, 'PN000000237', 4, 1, '', '', 0, '', '1'),
(30, 'SP000000725', 4, 1, '1551866367', '', 0, '1 шток на ремонт МАЛ-20х150', '1'),
(31, 'SP000000723', 4, 1, '1551852989', '', 0, '', '1'),
(32, 'SP000000740', 4, 1, '1551854038', '', 0, 'Срочно на 17-00', '1'),
(33, 'SP000000627-2', 4, 1, '1552374413', '', 0, 'С канавкой Под резиновое кольцо', '1'),
(34, '001', 4, 1, '1551870017', '', 0, 'Пайка новых полотен на пилу мыть', '1'),
(35, 'SP000000719', 4, 1, '1551969279', '', 0, '', '1'),
(36, 'SP000000620', 4, 1, '1551969953', '', 0, '', '1'),
(37, 'SP000000620-1', 4, 1, '1551970721', '', 0, 'к цилиндру sr-100x410', '1'),
(38, 'SP000000521', 3, 1, '1552316573', '', 0, 'Сборка шкафа', '1'),
(39, 'PN000000247', 4, 1, '1551942646', '', 0, 'собрать вместе\r\n', '1'),
(40, 'SP000000728', 4, 1, '1552293433', '', 0, '', '1'),
(41, 'SP000000754', 4, 1, '1552293906', '', 0, '', '1'),
(42, 'SP000000063', 4, 1, '1552295092', '', 0, 'обточить чтоб вставлялись рат 63, 75, 83, 95', '1'),
(43, 'SP000000727', 4, 1, '1552383906', '', 0, 'Собрать жопа к жопе', '1'),
(44, 'SP000000738', 4, 1, '1551957325', '', 0, '', '1'),
(45, 'SP000000761', 4, 1, '1552216439', '', 0, '', '1'),
(46, 'SP000000769', 4, 1, '1552311672', '', 0, '', '1'),
(47, 'SP000000776', 4, 1, '1552312107', '', 0, 'Срочно на 11,03', '1'),
(48, 'SP000000642', 4, 1, '1552294662', '', 0, 'Собрать в сборе на фум ленту', '1'),
(49, 'SP000000507', 3, 1, '1552555094', '', 0, '2 крышки, поршень, гильза, шпильки', '1'),
(50, 'PN000000249', 3, 1, '1552469483', '', 0, '', '1'),
(51, 'SP000000765', 4, 1, '1552392948', '', 0, '', '1'),
(52, 'PN000000242', 4, 1, '1552393019', '', 0, '', '1'),
(53, 'SP000000736', 3, 1, '1552566017', '', 0, '', '1'),
(54, 'PN000000212-1', 4, 1, '1552370805', '1552370805', 3, '', '1'),
(55, 'SP000000777', 4, 1, '1552467128', '1552380728', 2, '', '1'),
(56, 'SP000000788', 4, 1, '1552469899', '1552383499', 1, '', '1'),
(57, 'SP000000790', 4, 1, '1552569996', '1552397196', 1, '', '1'),
(58, 'SP000000775', 3, 1, '1552631655', '1552458855', 1, '', '1'),
(59, 'SP000000824', 4, 1, '1552547741', '1552461341', 1, 'прикрепить  ручку', '1'),
(60, 'SP000000811', 3, 1, '1553259850', '1552482250', 1, '', '1'),
(61, 'SP000000811-1', 3, 1, '1553259957', '1552482357', 1, '', '1'),
(62, 'SP000000466', 4, 1, '1552569193', '1552482793', 1, '', '1'),
(63, 'SP000000839', 4, 1, '1552631079', '1552544605', 1, 'вставить по 12 пружин в РАТ', '1'),
(64, 'SP000000807', 4, 1, '1552631253', '1552544853', 1, '', '1'),
(65, 'SP000000778', 4, 1, '1552889416', '1552630195', 1, 'Собрать вместе,задвижку фрезернуть в 17 квадрат и взять звездочку 17ч22', '1'),
(66, 'SP000000849', 4, 1, '1552889492', '1552630292', 1, '', '1'),
(67, 'SP000000833', 3, 1, '1552889643', '1552630443', 1, '', '1'),
(68, 'PN000000269', 4, 1, '1552630649', '1552630649', 3, '', '1'),
(69, 'SP000000755', 3, 1, '1552893227', '1552634027', 1, '', '1'),
(70, 'SP000000819', 3, 1, '1552984024', '1552638424', 1, '', '1'),
(71, 'SP000000748', 4, 1, '1552908066', '1552640059', 1, '', '1'),
(72, 'SP000000816', 4, 1, '1552893627', '1552642209', 3, '', '1'),
(73, 'SP000000786', 3, 1, '1552993787', '1552648187', 1, '', '1'),
(74, 'PN000000264', 3, 1, '1553080215', '1552648215', 1, '', '1'),
(75, 'SP000000835', 4, 1, '1553005331', '1552659731', 1, '', '1'),
(76, 'SP000000822', 4, 1, '1552979471', '1552893071', 1, '', '1'),
(77, 'PN000000243', 4, 1, '1552993856', '1552907456', 1, '', '1'),
(78, 'SC-SC-160X500-S', 3, 1, '1552994476', '1552908076', 1, '', '1'),
(79, 'SP000000861', 4, 1, '1553064140', '1552977740', 1, '', '1'),
(80, 'SP000000780', 3, 1, '1553064194', '1552977794', 1, '', '1'),
(81, 'SP000000890', 4, 1, '1553064297', '1552977897', 1, '', '1'),
(82, 'SP000000894', 3, 1, '1553150068', '1553063668', 1, '', '1'),
(83, 'SP000000799', 3, 1, '1553150183', '1553063783', 1, '', '1'),
(84, 'SP000000520', 3, 1, '1553154137', '1553067737', 1, '', '1'),
(85, 'SP000000859', 3, 1, '1553068915', '1553068830', 1, '', '1'),
(86, 'SP000000898', 3, 1, '1553174953', '1553088553', 3, '', '1'),
(87, 'SP000000904', 3, 1, '1553178003', '1553091603', 1, '', '1'),
(88, 'SP000000899', 3, 1, '1553178053', '1553091653', 1, '', '1'),
(89, 'SP000000501', 3, 1, '1553148832', '1553148832', 1, '', '1'),
(90, 'PN000000279', 3, 1, '1553248000', '1553161600', 1, '', '1'),
(91, 'PN000000280', 3, 1, '1553263823', '1553177423', 3, '', '1'),
(92, 'SP000000907', 3, 1, '1553263884', '1553177484', 1, '', '1');

-- --------------------------------------------------------

--
-- Структура таблицы `order_actions`
--

CREATE TABLE `order_actions` (
  `id` int(11) NOT NULL,
  `id_order` int(11) NOT NULL,
  `id_prod` int(11) NOT NULL,
  `id_data` int(11) NOT NULL COMMENT 'id data_actions',
  `qty` int(5) NOT NULL,
  `state` int(11) NOT NULL,
  `type_order` int(11) NOT NULL,
  `time_start` varchar(100) NOT NULL,
  `time_end` varchar(100) NOT NULL,
  `time_manufac` varchar(100) NOT NULL,
  `id_worker` int(11) NOT NULL,
  `rating` tinyint(4) NOT NULL,
  `note` text NOT NULL,
  `status` enum('0','1') NOT NULL DEFAULT '1'
) ENGINE=MyISAM DEFAULT CHARSET=utf8;

--
-- Дамп данных таблицы `order_actions`
--

INSERT INTO `order_actions` (`id`, `id_order`, `id_prod`, `id_data`, `qty`, `state`, `type_order`, `time_start`, `time_end`, `time_manufac`, `id_worker`, `rating`, `note`, `status`) VALUES
(1, 1, 50, 6, 2, 4, 1, '1551431176', '1551432612', '38', 3, 0, '', '1'),
(2, 1, 138, 1, 2, 4, 1, '1551351275', '1551351286', '7', 3, 0, '', '1'),
(3, 1, 138, 2, 2, 4, 1, '1551430797', '1551430800', '41', 2, 0, '', '1'),
(4, 1, 138, 4, 2, 4, 1, '1551334602', '1551334615', '11', 3, 0, '', '1'),
(5, 1, 139, 1, 2, 4, 1, '1551334675', '1551334679', '7', 2, 0, '', '1'),
(6, 1, 139, 2, 2, 4, 1, '1551430786', '1551430791', '61', 2, 0, '', '1'),
(7, 1, 139, 5, 2, 4, 1, '1551428207', '1551431149', '40', 3, 0, '', '1'),
(8, 2, 145, 6, 2, 4, 1, '1551345329', '1551346529', '38', 3, 0, '', '1'),
(9, 2, 170, 1, 2, 4, 1, '1551883467', '1551883498', '7', 2, 0, '', '1'),
(10, 2, 170, 3, 2, 4, 1, '1551428372', '1551428376', '15', 2, 0, '', '1'),
(11, 2, 170, 2, 2, 4, 1, '1551355932', '1551357101', '29', 2, 0, '', '1'),
(12, 2, 170, 4, 2, 4, 1, '1551335625', '1551335647', '13', 3, 0, '', '1'),
(13, 2, 171, 1, 2, 4, 1, '1551856907', '1551878469', '7', 3, 0, '', '1'),
(14, 2, 171, 2, 2, 4, 1, '1551335996', '1551336913', '37', 2, 0, '', '1'),
(15, 2, 171, 5, 2, 4, 1, '1551344501', '1551345269', '48', 3, 0, '', '1'),
(16, 4, 172, 6, 1, 4, 1, '1551345394', '1551345400', '19', 3, 0, '', '1'),
(17, 4, 175, 1, 1, 4, 1, '', '', '4', 0, 0, '', '1'),
(18, 4, 175, 4, 1, 4, 1, '1551424415', '1551428087', '7', 3, 0, '', '1'),
(19, 4, 175, 3, 1, 4, 1, '1551352000', '1551352003', '11', 2, 0, '', '1'),
(20, 4, 176, 1, 1, 4, 1, '', '', '4', 0, 0, '', '1'),
(21, 4, 176, 2, 1, 4, 1, '1551355936', '1551359325', '13', 2, 0, '', '1'),
(22, 4, 177, 1, 1, 4, 1, '1551680760', '1551878476', '3', 3, 0, '', '1'),
(23, 4, 177, 3, 1, 4, 1, '1551359372', '1551428365', '4', 2, 0, '', '1'),
(24, 6, 143, 6, 3, 4, 1, '1551786078', '1551793075', '57', 3, 0, '', '1'),
(25, 6, 178, 1, 3, 4, 1, '1551340503', '1551340598', '10', 3, 0, '', '1'),
(26, 6, 178, 3, 3, 4, 1, '1551347382', '1551349627', '19', 2, 0, '', '1'),
(27, 6, 178, 2, 3, 4, 1, '1551430808', '1551430811', '22', 2, 0, '', '1'),
(28, 6, 178, 4, 3, 4, 1, '1551349689', '1551350177', '16', 3, 0, '', '1'),
(29, 6, 179, 1, 3, 4, 1, '', '', '10', 0, 0, '', '1'),
(30, 6, 179, 2, 3, 4, 1, '1551430774', '1551430776', '46', 2, 0, '', '1'),
(31, 6, 179, 5, 3, 4, 1, '', '', '60', 0, 0, '', '1'),
(32, 7, 4, 6, 2, 4, 1, '1551351939', '1551357286', '38', 3, 0, '', '1'),
(33, 7, 180, 1, 2, 4, 1, '1551344204', '1551344376', '7', 3, 0, '', '1'),
(34, 7, 180, 2, 2, 4, 1, '1551347294', '1551347298', '15', 2, 0, '', '1'),
(35, 7, 180, 4, 2, 4, 1, '1551350291', '1551350690', '11', 3, 0, '', '1'),
(36, 7, 181, 1, 2, 4, 1, '1551344266', '1551344390', '7', 3, 0, '', '1'),
(37, 7, 181, 2, 2, 4, 1, '1551355623', '1551355633', '21', 2, 0, '', '1'),
(38, 7, 182, 1, 8, 4, 1, '1551344269', '1551344386', '17', 3, 0, '', '1'),
(39, 7, 182, 3, 8, 4, 1, '1551347252', '1551347258', '21', 2, 0, '', '1'),
(40, 8, 4, 6, 1, 4, 1, '1551351941', '1551357292', '19', 3, 0, '', '1'),
(41, 8, 180, 1, 1, 4, 1, '1551883501', '1551883504', '4', 2, 0, '', '1'),
(42, 8, 180, 2, 1, 4, 1, '1551430785', '1551430793', '8', 2, 0, '', '1'),
(43, 8, 180, 4, 1, 4, 1, '1551350301', '1551350698', '6', 3, 0, '', '1'),
(44, 8, 181, 1, 1, 4, 1, '1551883541', '1551883544', '4', 2, 0, '', '1'),
(45, 8, 181, 2, 1, 4, 1, '1551430804', '1551430806', '11', 2, 0, '', '1'),
(46, 8, 182, 1, 4, 4, 1, '1551883547', '1551883550', '9', 2, 0, '', '1'),
(47, 8, 182, 3, 4, 4, 1, '1551351921', '1551351927', '11', 2, 0, '', '1'),
(48, 3, 185, 6, 1, 4, 1, '', '', '15', 0, 0, '', '1'),
(49, 5, 172, 6, 1, 4, 1, '1551345363', '1551345370', '19', 3, 0, '', '1'),
(50, 5, 172, 6, 2, 4, 1, '1551345363', '1551345370', '38', 3, 0, '', '1'),
(51, 5, 112, 6, 1, 4, 1, '1552631654', '1552632575', '19', 3, 0, '', '1'),
(52, 5, 113, 6, 1, 4, 1, '1552632607', '1552633429', '19', 3, 0, '', '1'),
(53, 5, 175, 1, 1, 4, 1, '1551883551', '1551883554', '4', 2, 0, '', '1'),
(54, 5, 175, 4, 1, 4, 1, '1551428107', '1551428126', '7', 3, 0, '', '1'),
(55, 5, 175, 3, 1, 4, 1, '1551348875', '1551351879', '11', 2, 0, '', '1'),
(56, 5, 176, 1, 1, 4, 1, '1551883514', '1551883522', '4', 2, 0, '', '1'),
(57, 5, 176, 2, 1, 4, 1, '1551338980', '1551339007', '13', 2, 0, '', '1'),
(58, 5, 177, 1, 1, 4, 1, '1551883535', '1551883537', '3', 2, 0, '', '1'),
(59, 5, 177, 3, 1, 4, 1, '1551428391', '1551428396', '4', 2, 0, '', '1'),
(60, 5, 175, 1, 2, 4, 1, '1551883551', '1551883554', '7', 2, 0, '', '1'),
(61, 5, 175, 4, 2, 4, 1, '1551428107', '1551428126', '13', 3, 0, '', '1'),
(62, 5, 175, 3, 2, 4, 1, '1551348875', '1551351879', '21', 2, 0, '', '1'),
(63, 5, 176, 1, 2, 4, 1, '1551883514', '1551883522', '7', 2, 0, '', '1'),
(64, 5, 176, 2, 2, 4, 1, '1551338980', '1551339007', '25', 2, 0, '', '1'),
(65, 5, 177, 1, 2, 4, 1, '1551883535', '1551883537', '5', 2, 0, '', '1'),
(66, 5, 177, 3, 2, 4, 1, '1551428391', '1551428396', '7', 2, 0, '', '1'),
(67, 5, 183, 1, 1, 4, 1, '1551340552', '1551340603', '4', 3, 0, '', '1'),
(68, 5, 183, 3, 1, 4, 1, '1551350485', '1551351005', '7', 2, 0, '', '1'),
(69, 5, 183, 2, 1, 4, 1, '1551355924', '1551356377', '11', 2, 0, '', '1'),
(70, 5, 183, 4, 1, 4, 1, '1551350988', '1551424384', '6', 3, 0, '', '1'),
(71, 5, 184, 1, 1, 4, 1, '1551340574', '1551340611', '4', 3, 0, '', '1'),
(72, 5, 184, 2, 1, 4, 1, '1551430752', '1551430755', '26', 2, 0, '', '1'),
(73, 5, 129, 1, 1, 4, 1, '1551340581', '1551340615', '4', 3, 0, '', '1'),
(74, 5, 129, 3, 1, 4, 1, '1551349830', '1551350398', '8', 2, 0, '', '1'),
(75, 5, 129, 2, 1, 4, 1, '1551356440', '1551357036', '11', 2, 0, '', '1'),
(76, 5, 129, 4, 1, 4, 1, '1551350745', '1551424388', '6', 3, 0, '', '1'),
(77, 5, 130, 1, 1, 4, 1, '1551340591', '1551340619', '4', 3, 0, '', '1'),
(78, 5, 130, 2, 1, 4, 1, '1551355883', '1551355911', '26', 2, 0, '', '1'),
(79, 11, 90, 6, 2, 4, 1, '1551359187', '1551363170', '44', 3, 0, '', '1'),
(80, 11, 90, 6, 2, 4, 1, '1551359187', '1551363170', '44', 3, 0, '', '1'),
(81, 11, 198, 1, 1, 4, 1, '1551344343', '1551344393', '4', 3, 0, '', '1'),
(82, 11, 198, 2, 1, 4, 1, '1551360440', '1551362599', '13', 2, 0, '', '1'),
(83, 11, 75, 1, 1, 4, 1, '', '', '4', 0, 0, '', '1'),
(84, 11, 75, 3, 1, 4, 1, '1551351903', '1551351912', '9', 2, 0, '', '1'),
(85, 11, 75, 2, 1, 4, 1, '1551357150', '1551357556', '13', 2, 0, '', '1'),
(86, 11, 75, 4, 1, 4, 1, '1551357647', '1551357940', '7', 3, 0, '', '1'),
(87, 11, 186, 1, 2, 4, 1, '1551344364', '1551344398', '7', 3, 0, '', '1'),
(88, 11, 186, 3, 2, 4, 1, '1551351957', '1551351961', '17', 2, 0, '', '1'),
(89, 11, 186, 2, 2, 4, 1, '1551357700', '1551358445', '25', 2, 0, '', '1'),
(90, 11, 186, 4, 2, 4, 1, '1551357999', '1551363136', '13', 3, 0, '', '1'),
(91, 11, 196, 1, 2, 4, 1, '1551344353', '1551344401', '7', 3, 0, '', '1'),
(92, 11, 196, 2, 2, 4, 1, '1551359433', '1551360376', '25', 2, 0, '', '1'),
(93, 11, 197, 1, 8, 4, 1, '1551344367', '1551344404', '17', 3, 0, '', '1'),
(94, 11, 197, 3, 8, 4, 1, '1551347448', '1551348913', '21', 2, 0, '', '1'),
(95, 11, 186, 1, 2, 4, 1, '1551344364', '1551344398', '7', 3, 0, '', '1'),
(96, 11, 186, 3, 2, 4, 1, '1551351957', '1551351961', '17', 2, 0, '', '1'),
(97, 11, 186, 2, 2, 4, 1, '1551357700', '1551358445', '25', 2, 0, '', '1'),
(98, 11, 186, 4, 2, 4, 1, '1551357999', '1551363136', '13', 3, 0, '', '1'),
(99, 11, 196, 1, 2, 4, 1, '1551344353', '1551344401', '7', 3, 0, '', '1'),
(100, 11, 196, 2, 2, 4, 1, '1551359433', '1551360376', '25', 2, 0, '', '1'),
(101, 11, 197, 1, 8, 4, 1, '1551344367', '1551344404', '17', 3, 0, '', '1'),
(102, 11, 197, 3, 8, 4, 1, '1551347448', '1551348913', '21', 2, 0, '', '1'),
(103, 12, 199, 6, 1, 4, 1, '1551345305', '1551349646', '10', 3, 0, '', '1'),
(104, 13, 76, 1, 1, 4, 1, '1551883555', '1551883557', '4', 2, 0, '', '1'),
(105, 13, 76, 2, 1, 4, 1, '1551430740', '1551430746', '13', 2, 0, '', '1'),
(106, 13, 76, 2, 1, 4, 1, '1551430740', '1551430746', '11', 2, 0, '', '1'),
(107, 13, 76, 4, 1, 4, 1, '1551428111', '1551428153', '7', 3, 0, '', '1'),
(108, 14, 4, 6, 2, 4, 1, '1551436235', '1551439388', '38', 3, 0, '', '1'),
(109, 14, 180, 1, 2, 4, 1, '1551360903', '1551424309', '7', 3, 0, '', '1'),
(110, 14, 180, 2, 2, 4, 1, '1551429098', '1551430679', '15', 2, 0, '', '1'),
(111, 14, 180, 4, 2, 4, 1, '1551428131', '1551428142', '11', 3, 0, '', '1'),
(112, 14, 181, 1, 2, 4, 1, '1551360905', '1551424316', '7', 3, 0, '', '1'),
(113, 14, 181, 2, 2, 4, 1, '1551430766', '1551430769', '21', 2, 0, '', '1'),
(114, 14, 182, 1, 8, 4, 1, '1551360907', '1551424325', '17', 3, 0, '', '1'),
(115, 14, 182, 3, 8, 4, 1, '1551422813', '1551428335', '21', 2, 0, '', '1'),
(116, 16, 185, 6, 1, 4, 1, '1551428178', '1551428185', '15', 3, 0, '', '1'),
(117, 15, 86, 6, 1, 4, 1, '1551435421', '1551436120', '19', 3, 0, '', '1'),
(118, 15, 200, 1, 1, 4, 1, '1551424301', '1551424492', '4', 3, 0, '', '1'),
(119, 15, 200, 3, 1, 4, 1, '1551423042', '1551428321', '8', 2, 0, '', '1'),
(120, 15, 200, 2, 1, 4, 1, '1551428441', '1551429050', '11', 2, 0, '', '1'),
(121, 15, 200, 4, 1, 4, 1, '1551432974', '1551433593', '6', 3, 0, '', '1'),
(122, 15, 201, 1, 1, 4, 1, '1551424303', '1551424499', '4', 3, 0, '', '1'),
(123, 15, 201, 2, 1, 4, 1, '1551429063', '1551430676', '11', 2, 0, '', '1'),
(124, 15, 202, 1, 4, 4, 1, '1551375984', '1551424505', '7', 3, 0, '', '1'),
(125, 15, 202, 3, 4, 4, 1, '1551423045', '1551428328', '11', 2, 0, '', '1'),
(126, 17, 109, 6, 1, 4, 1, '1551704378', '1551704390', '19', 3, 0, '', '1'),
(127, 19, 204, 1, 20, 4, 1, '1551883559', '1552307974', '21', 2, 0, '', '1'),
(128, 19, 204, 2, 20, 4, 1, '1551944767', '1552377311', '404', 2, 0, '', '1'),
(129, 20, 206, 2, 5, 4, 1, '1551682037', '1551944816', '80', 2, 0, '', '1'),
(130, 21, 89, 6, 2, 4, 1, '1551786607', '1551788408', '44', 3, 0, '', '1'),
(131, 21, 53, 6, 6, 4, 1, '1551775440', '1551786520', '108', 3, 0, '', '1'),
(132, 21, 207, 1, 2, 4, 1, '1551685870', '1551685911', '7', 3, 0, '', '1'),
(133, 21, 207, 3, 2, 4, 1, '1551690633', '1551692134', '17', 2, 0, '', '1'),
(134, 21, 207, 2, 2, 4, 1, '1551701554', '1551701580', '25', 2, 0, '', '1'),
(135, 21, 207, 4, 2, 4, 1, '1551695393', '1551695780', '13', 3, 0, '', '1'),
(136, 21, 208, 1, 2, 4, 1, '1551685882', '1551685919', '7', 3, 0, '', '1'),
(137, 21, 208, 2, 2, 4, 1, '', '', '25', 0, 0, '', '1'),
(138, 21, 209, 1, 2, 4, 1, '1551685890', '1551685944', '5', 3, 0, '', '1'),
(139, 21, 209, 3, 2, 4, 1, '1551698415', '1551700367', '7', 2, 0, '', '1'),
(140, 21, 210, 1, 6, 4, 1, '1551685803', '1551685825', '19', 3, 0, '', '1'),
(141, 21, 210, 3, 6, 4, 1, '1551697767', '1551700352', '43', 2, 0, '', '1'),
(142, 21, 210, 2, 6, 4, 1, '1551701546', '1551701572', '85', 2, 0, '', '1'),
(143, 21, 210, 4, 6, 4, 1, '1551774243', '1551774873', '37', 3, 0, '', '1'),
(144, 21, 211, 1, 6, 4, 1, '1551685816', '1551685847', '19', 3, 0, '', '1'),
(145, 21, 211, 2, 6, 4, 1, '', '', '181', 0, 0, '', '1'),
(146, 22, 86, 6, 3, 4, 1, '1551783727', '1551785521', '57', 3, 0, '', '1'),
(147, 22, 200, 1, 3, 4, 1, '1551695294', '1551695327', '10', 3, 0, '', '1'),
(148, 22, 200, 3, 3, 4, 1, '1551689858', '1551690600', '22', 2, 0, '', '1'),
(149, 22, 200, 2, 3, 4, 1, '1551701521', '1551701563', '31', 2, 0, '', '1'),
(150, 22, 200, 4, 3, 4, 1, '1551695788', '1551696256', '16', 3, 0, '', '1'),
(151, 22, 201, 1, 3, 4, 1, '1551695301', '1551695339', '10', 3, 0, '', '1'),
(152, 22, 201, 2, 3, 4, 1, '', '', '31', 0, 0, '', '1'),
(153, 22, 202, 1, 12, 4, 1, '1551695310', '1551695347', '19', 3, 0, '', '1'),
(154, 22, 202, 3, 12, 4, 1, '1551698413', '1551700358', '31', 2, 0, '', '1'),
(155, 23, 89, 6, 6, 4, 1, '1551864349', '1551872205', '132', 3, 0, '', '1'),
(156, 23, 207, 1, 6, 4, 1, '1551775561', '1551780371', '19', 2, 0, '', '1'),
(157, 23, 207, 3, 6, 4, 1, '1551701438', '1551701472', '49', 2, 0, '', '1'),
(158, 23, 207, 2, 6, 4, 1, '1551853719', '1551855488', '73', 2, 0, '', '1'),
(159, 23, 207, 4, 6, 4, 1, '1551793411', '1551793933', '37', 3, 0, '', '1'),
(160, 23, 208, 1, 6, 4, 1, '1551775546', '1551780346', '19', 2, 0, '', '1'),
(161, 23, 208, 2, 6, 4, 1, '1551795408', '1551855492', '73', 2, 0, '', '1'),
(162, 23, 209, 1, 6, 4, 1, '1551775552', '1551780356', '13', 2, 0, '', '1'),
(163, 23, 209, 3, 6, 4, 1, '1551701446', '1551701457', '19', 2, 0, '', '1'),
(164, 25, 199, 6, 1, 4, 1, '1551703282', '1551704336', '10', 3, 0, '', '0'),
(165, 24, 34, 6, 1, 4, 1, '1551795557', '1551796098', '20', 3, 0, '', '1'),
(166, 24, 212, 1, 1, 4, 1, '1551775012', '1551775499', '3', 2, 0, '', '1'),
(167, 24, 212, 2, 1, 4, 1, '1551795296', '1551795311', '15', 2, 0, '', '1'),
(168, 24, 212, 5, 1, 4, 1, '1551790274', '1551795543', '15', 3, 0, '', '1'),
(169, 24, 213, 1, 1, 4, 1, '1551775015', '1551775509', '4', 2, 0, '', '1'),
(170, 24, 213, 4, 1, 4, 1, '1551878923', '1551878928', '7', 3, 0, '', '1'),
(171, 24, 213, 3, 1, 4, 1, '1551784971', '1551785368', '11', 2, 0, '', '1'),
(172, 25, 199, 6, 1, 4, 1, '1551703282', '1551704336', '10', 3, 0, '', '1'),
(173, 25, 2, 6, 1, 4, 1, '1551790795', '1551862597', '19', 3, 0, '', '1'),
(174, 25, 97, 1, 1, 4, 1, '1551774423', '1551774986', '4', 2, 0, '', '1'),
(175, 25, 97, 2, 1, 4, 1, '1551861202', '1551861854', '11', 2, 0, '', '1'),
(176, 25, 104, 1, 1, 4, 1, '1551774416', '1551774993', '4', 2, 0, '', '1'),
(177, 25, 104, 3, 1, 4, 1, '1551784212', '1551784946', '8', 2, 0, '', '1'),
(178, 25, 104, 4, 1, 4, 1, '1551788683', '1551788836', '6', 3, 0, '', '1'),
(179, 25, 105, 1, 4, 4, 1, '1551774406', '1551774978', '7', 2, 0, '', '1'),
(180, 25, 105, 3, 4, 4, 1, '1551784218', '1551784953', '11', 2, 0, '', '1'),
(181, 26, 36, 6, 1, 4, 1, '1551857506', '1551864327', '22', 3, 0, '', '1'),
(182, 26, 37, 6, 1, 4, 1, '1551857845', '1551862046', '22', 3, 0, '', '1'),
(183, 26, 37, 6, 2, 4, 1, '1551857845', '1551862046', '44', 3, 0, '', '1'),
(184, 26, 144, 6, 1, 4, 1, '1551794647', '1551871387', '24', 3, 0, '', '1'),
(185, 26, 214, 1, 1, 4, 1, '1551771122', '1551771488', '6', 2, 0, '', '1'),
(186, 26, 214, 2, 1, 4, 1, '1551861203', '1551861864', '15', 2, 0, '', '1'),
(187, 26, 214, 5, 1, 4, 1, '1551855077', '1551855939', '20', 3, 0, '', '1'),
(188, 26, 215, 1, 1, 4, 1, '1551767630', '1551768712', '4', 2, 0, '', '1'),
(189, 26, 215, 3, 1, 4, 1, '1551788909', '1551788937', '9', 2, 0, '', '1'),
(190, 26, 215, 2, 1, 4, 1, '1551855967', '1551856360', '13', 2, 0, '', '1'),
(191, 26, 215, 4, 1, 4, 1, '1551790052', '1551790186', '7', 3, 0, '', '1'),
(192, 26, 217, 1, 1, 4, 1, '1551767615', '1551768640', '4', 2, 0, '', '1'),
(193, 26, 217, 3, 1, 4, 1, '1551788903', '1551788934', '9', 2, 0, '', '1'),
(194, 26, 217, 2, 1, 4, 1, '1551855521', '1551857519', '13', 2, 0, '', '1'),
(195, 26, 217, 4, 1, 4, 1, '1551789642', '1551794416', '7', 3, 0, '', '1'),
(196, 26, 218, 1, 1, 4, 1, '1551766857', '1551768699', '7', 2, 0, '', '1'),
(197, 26, 218, 2, 1, 4, 1, '1551857564', '1551861109', '20', 2, 0, '', '1'),
(198, 26, 218, 5, 1, 4, 1, '1551797178', '1551855069', '20', 3, 0, '', '1'),
(199, 26, 217, 1, 2, 4, 1, '1551767615', '1551768640', '7', 2, 0, '', '1'),
(200, 26, 217, 3, 2, 4, 1, '1551788903', '1551788934', '17', 2, 0, '', '1'),
(201, 26, 217, 2, 2, 4, 1, '1551855521', '1551857519', '25', 2, 0, '', '1'),
(202, 26, 217, 4, 2, 4, 1, '1551789642', '1551794416', '13', 3, 0, '', '1'),
(203, 26, 218, 1, 2, 4, 1, '1551766857', '1551768699', '12', 2, 0, '', '1'),
(204, 26, 218, 2, 2, 4, 1, '1551857564', '1551861109', '35', 2, 0, '', '1'),
(205, 26, 218, 5, 2, 4, 1, '1551797178', '1551855069', '35', 3, 0, '', '1'),
(206, 27, 3, 6, 3, 4, 1, '1551791249', '1551863698', '50', 3, 0, '', '1'),
(207, 27, 219, 1, 3, 4, 1, '1551771511', '1551773465', '10', 2, 0, '', '1'),
(208, 27, 219, 3, 3, 4, 1, '1551785376', '1551788860', '22', 2, 0, '', '1'),
(209, 27, 219, 2, 3, 4, 1, '1551878392', '1551878397', '31', 2, 0, '', '1'),
(210, 27, 219, 4, 3, 4, 1, '1551788853', '1551789285', '16', 3, 0, '', '1'),
(211, 27, 220, 1, 3, 4, 1, '1551771504', '1551773453', '7', 2, 0, '', '1'),
(212, 27, 220, 3, 3, 4, 1, '1551784980', '1551788865', '8.5', 2, 0, '', '1'),
(213, 27, 221, 1, 3, 4, 1, '1551771513', '1551773441', '7', 2, 0, '', '1'),
(214, 27, 221, 2, 3, 4, 1, '1551861208', '1551861869', '50', 2, 0, '', '1'),
(215, 28, 199, 6, 1, 4, 1, '1551860933', '1551861351', '10', 3, 0, '', '1'),
(216, 29, 5, 1, 2, 4, 1, '1551871819', '1551871840', '5', 2, 0, '', '1'),
(217, 29, 5, 3, 2, 4, 1, '1551788945', '1551788950', '15', 2, 0, '', '1'),
(218, 29, 5, 4, 2, 4, 1, '1551878411', '1551878810', '11', 3, 0, '', '1'),
(219, 30, 115, 1, 1, 4, 1, '1551871889', '1551871897', '4', 2, 0, '', '1'),
(220, 30, 115, 3, 1, 4, 1, '1551788943', '1551788954', '7', 2, 0, '', '1'),
(221, 30, 115, 2, 1, 4, 1, '1551878367', '1551878370', '11', 2, 0, '', '1'),
(222, 30, 115, 4, 1, 4, 1, '1551879127', '1551879457', '6', 3, 0, '', '1'),
(223, 31, 185, 6, 1, 4, 1, '1551880433', '1551881877', '15', 3, 0, '', '1'),
(224, 32, 112, 6, 1, 4, 1, '1551879561', '1551880424', '24', 3, 0, '', '1'),
(225, 32, 183, 1, 1, 4, 1, '', '', '4', 0, 0, '', '1'),
(226, 32, 183, 3, 1, 4, 1, '1551872238', '1551872241', '7', 2, 0, '', '1'),
(227, 32, 183, 2, 1, 4, 1, '1551878376', '1551878379', '11', 2, 0, '', '1'),
(228, 32, 183, 4, 1, 4, 1, '1551878999', '1551879119', '6', 3, 0, '', '1'),
(229, 32, 184, 1, 1, 4, 1, '1551871914', '1551871932', '4', 2, 0, '', '1'),
(230, 32, 184, 2, 1, 4, 1, '1551878383', '1551878385', '26', 2, 0, '', '1'),
(231, 33, 204, 1, 1, 4, 1, '1552308024', '1552659563', '2', 2, 0, '', '1'),
(232, 33, 204, 2, 1, 4, 1, '1552377316', '1552639813', '29', 2, 0, '', '1'),
(233, 35, 91, 6, 2, 4, 1, '1552549458', '1552551588', '45', 3, 0, '', '1'),
(234, 35, 222, 1, 2, 4, 1, '1551883576', '1551883581', '9', 2, 0, '', '1'),
(235, 35, 222, 3, 2, 4, 1, '1551944745', '1551944747', '31', 2, 0, '', '1'),
(236, 35, 222, 2, 2, 4, 1, '1552466251', '1552466267', '35', 2, 0, '', '1'),
(237, 35, 222, 4, 2, 4, 1, '1552477143', '1552477643', '23', 3, 0, '', '1'),
(238, 35, 223, 1, 2, 4, 1, '1551883563', '1551883565', '16', 2, 0, '', '1'),
(239, 35, 223, 2, 2, 4, 1, '1552466290', '1552466296', '50', 2, 0, '', '1'),
(240, 35, 224, 1, 8, 4, 1, '1551883569', '1551883572', '17', 2, 0, '', '1'),
(241, 35, 224, 3, 8, 4, 1, '1551883487', '1551944686', '42', 2, 0, '', '1'),
(242, 36, 173, 6, 1, 4, 1, '1552312738', '1552401123', '22', 3, 0, '', '1'),
(243, 36, 225, 1, 1, 4, 1, '1552308072', '1552308087', '5', 2, 0, '', '1'),
(244, 36, 225, 2, 1, 4, 1, '1551944792', '1551944802', '20', 2, 0, '', '1'),
(245, 36, 226, 1, 1, 4, 1, '1552307925', '1552307952', '3', 2, 0, '', '1'),
(246, 36, 226, 3, 1, 4, 1, '1551944740', '1551944743', '4', 2, 0, '', '1'),
(247, 36, 227, 1, 1, 4, 1, '1552307960', '1552307964', '4', 2, 0, '', '1'),
(248, 36, 227, 4, 1, 4, 1, '1552312310', '1552312726', '7', 3, 0, '', '1'),
(249, 36, 227, 3, 1, 4, 1, '1551944707', '1551944718', '11', 2, 0, '', '1'),
(250, 37, 17, 1, 3, 4, 1, '1552308081', '1552308091', '10', 2, 0, '', '1'),
(251, 37, 17, 4, 3, 4, 1, '1552376810', '1552377410', '19', 3, 0, '', '1'),
(252, 37, 17, 3, 3, 4, 1, '1551944728', '1551944733', '31', 2, 0, '', '1'),
(253, 39, 199, 6, 1, 4, 1, '1551950300', '1551951045', '10', 3, 0, '', '1'),
(254, 40, 231, 1, 2, 4, 1, '1552307928', '1552307977', '7', 2, 0, '', '1'),
(255, 40, 231, 3, 2, 4, 1, '1551949096', '1551949102', '15', 2, 0, '', '1'),
(256, 40, 231, 2, 2, 4, 1, '1552398713', '1552398718', '21', 2, 0, '', '1'),
(257, 40, 231, 4, 2, 4, 1, '1552314058', '1552314368', '11', 3, 0, '', '1'),
(258, 40, 232, 1, 8, 4, 1, '1552308027', '1552308096', '17', 2, 0, '', '1'),
(259, 40, 232, 3, 8, 4, 1, '1552307874', '1552307899', '21', 2, 0, '', '1'),
(260, 40, 233, 1, 2, 4, 1, '1552308073', '1552308099', '7', 2, 0, '', '1'),
(261, 40, 233, 2, 2, 4, 1, '1552398699', '1552398704', '21', 2, 0, '', '1'),
(262, 41, 234, 6, 2, 4, 1, '1552546850', '1552548206', '48', 3, 0, '', '1'),
(263, 41, 235, 1, 2, 4, 1, '1552307931', '1552308008', '11', 2, 0, '', '1'),
(264, 41, 235, 2, 2, 4, 1, '', '', '24', 0, 0, '', '1'),
(265, 41, 235, 3, 2, 4, 1, '1552307877', '1552307903', '45', 2, 0, '', '1'),
(266, 41, 235, 5, 2, 4, 1, '1552483361', '1552546823', '53', 3, 0, '', '1'),
(267, 41, 237, 1, 2, 4, 1, '1552308084', '1552308101', '5', 2, 0, '', '1'),
(268, 41, 237, 3, 2, 4, 1, '1552374420', '1552374424', '35', 2, 0, '', '1'),
(269, 41, 237, 4, 2, 4, 1, '1552374560', '1552374985', '12', 3, 0, '', '1'),
(270, 43, 4, 6, 20, 4, 1, '1552393991', '1552553438', '385', 3, 0, '', '1'),
(271, 43, 180, 1, 20, 4, 1, '1552308029', '1552308043', '61', 2, 0, '', '1'),
(272, 43, 180, 3, 20, 4, 1, '1552307879', '1552307909', '141', 2, 0, '', '1'),
(273, 43, 180, 2, 20, 4, 1, '1552377396', '1552377403', '201', 2, 0, '', '1'),
(274, 43, 180, 4, 20, 4, 1, '1552391687', '1552393935', '101', 3, 0, '', '1'),
(275, 43, 181, 1, 20, 4, 1, '1552307935', '1552308014', '61', 2, 0, '', '1'),
(276, 43, 181, 2, 20, 4, 1, '', '', '201', 0, 0, '', '1'),
(277, 43, 182, 1, 80, 4, 1, '1552308107', '1552308124', '161', 2, 0, '', '1'),
(278, 43, 182, 3, 80, 4, 1, '1552307883', '1552307901', '201', 2, 0, '', '1'),
(279, 45, 3, 6, 1, 4, 1, '1552376309', '1552458092', '20', 3, 0, '', '1'),
(280, 45, 219, 1, 1, 4, 1, '1552308076', '1552308105', '4', 2, 0, '', '1'),
(281, 45, 219, 3, 1, 4, 1, '1552375002', '1552375008', '8', 2, 0, '', '1'),
(282, 45, 219, 2, 1, 4, 1, '1552401709', '1552401714', '11', 2, 0, '', '1'),
(283, 45, 219, 4, 1, 4, 1, '1552375433', '1552375864', '6', 3, 0, '', '1'),
(284, 45, 220, 1, 1, 4, 1, '1552307941', '1552308050', '3', 2, 0, '', '1'),
(285, 45, 220, 3, 1, 4, 1, '1552307888', '1552307891', '3.5', 2, 0, '', '1'),
(286, 45, 221, 1, 1, 4, 1, '1552308113', '1552308128', '3', 2, 0, '', '1'),
(287, 45, 221, 2, 1, 4, 1, '1552401719', '1552401722', '20', 2, 0, '', '1'),
(288, 44, 91, 6, 1, 4, 1, '1552564342', '1552565338', '25', 3, 0, '', '1'),
(289, 44, 222, 1, 1, 4, 1, '', '1552308001', '5', 0, 0, '', '1'),
(290, 44, 222, 3, 1, 4, 1, '1552307893', '1552307905', '16', 2, 0, '', '1'),
(291, 44, 222, 2, 1, 4, 1, '1552553302', '1552553874', '20', 2, 0, '', '1'),
(292, 44, 222, 4, 1, 4, 1, '1552563910', '1552564318', '13', 3, 0, '', '1'),
(293, 44, 223, 1, 1, 4, 1, '1552307949', '1552307995', '9', 2, 0, '', '1'),
(294, 44, 223, 2, 1, 4, 1, '1552547678', '1552548355', '30', 2, 0, '', '1'),
(295, 44, 224, 1, 4, 4, 1, '1552308152', '1552308170', '9', 2, 0, '', '1'),
(296, 44, 224, 3, 4, 4, 1, '1552371761', '1552374404', '22', 2, 0, '', '1'),
(297, 46, 36, 6, 1, 4, 1, '1552313740', '1552401787', '27', 3, 0, '', '1'),
(298, 46, 33, 6, 1, 4, 1, '1552315039', '1552462030', '25', 3, 0, '', '1'),
(299, 46, 214, 1, 1, 4, 1, '1552308109', '1552308134', '6', 2, 0, '', '1'),
(300, 46, 214, 2, 1, 4, 1, '', '', '15', 0, 0, '', '1'),
(301, 46, 214, 5, 1, 4, 1, '1552310272', '1552461448', '20', 3, 0, '', '1'),
(302, 46, 215, 1, 1, 4, 1, '1552308115', '1552308145', '4', 2, 0, '', '1'),
(303, 46, 215, 3, 1, 4, 1, '1552307889', '1552307911', '9', 2, 0, '', '1'),
(304, 46, 215, 2, 1, 4, 1, '1552400092', '1552400101', '13', 2, 0, '', '1'),
(305, 46, 215, 4, 1, 4, 1, '1552313554', '1552313717', '7', 3, 0, '', '1'),
(306, 46, 46, 1, 1, 4, 1, '1552308171', '1552308174', '4', 2, 0, '', '1'),
(307, 46, 46, 2, 1, 4, 1, '1552400110', '1552400114', '20', 2, 0, '', '1'),
(308, 46, 46, 5, 1, 4, 1, '1552310237', '1552310245', '24', 3, 0, '', '1'),
(309, 46, 239, 1, 1, 4, 1, '1552308111', '1552308137', '4', 2, 0, '', '1'),
(310, 46, 239, 3, 1, 4, 1, '1552307896', '1552307913', '8', 2, 0, '', '1'),
(311, 46, 239, 4, 1, 4, 1, '1552314752', '1552314974', '6', 3, 0, '', '1'),
(312, 47, 240, 6, 2, 4, 1, '1552398374', '1552401951', '32', 3, 0, '', '1'),
(313, 47, 240, 7, 2, 4, 1, '1552401553', '1552401556', '38', 2, 0, '', '1'),
(314, 47, 242, 1, 2, 4, 1, '1552308117', '1552308142', '10', 2, 0, '', '1'),
(315, 47, 242, 2, 2, 4, 1, '', '', '25', 0, 0, '', '1'),
(316, 47, 243, 1, 2, 4, 1, '1552308188', '1552308194', '8', 2, 0, '', '1'),
(317, 47, 243, 3, 2, 4, 1, '1552371732', '1552374386', '18', 2, 0, '', '1'),
(318, 47, 243, 2, 2, 4, 1, '', '', '22', 0, 0, '', '1'),
(319, 47, 243, 4, 2, 4, 1, '1552374998', '1552375425', '18', 3, 0, '', '1'),
(320, 49, 27, 1, 4, 4, 1, '1552644151', '1552645527', '9', 3, 0, '', '1'),
(321, 49, 27, 3, 4, 1, 1, '1552486449', '1552543935', '13', 2, 0, '', '1'),
(322, 49, 100, 1, 1, 4, 1, '1552644154', '1552645534', '4', 3, 0, '', '1'),
(323, 49, 100, 2, 1, 4, 1, '1552909487', '1552909996', '13', 2, 0, '', '1'),
(324, 50, 112, 6, 2, 1, 1, '', '', '43', 0, 0, '', '1'),
(325, 50, 183, 1, 2, 4, 1, '1552308221', '1552380611', '7', 2, 0, '', '1'),
(326, 50, 183, 3, 2, 4, 1, '1552564181', '1552565607', '13', 2, 0, '', '1'),
(327, 50, 183, 2, 2, 4, 1, '1552565640', '1552567035', '21', 2, 0, '', '1'),
(328, 50, 183, 4, 2, 4, 1, '1552634191', '1552634472', '11', 3, 0, '', '1'),
(329, 50, 184, 1, 2, 4, 1, '1552308159', '1552380629', '7', 2, 0, '', '1'),
(330, 50, 184, 2, 2, 4, 1, '1552565663', '1552573573', '51', 2, 0, '', '1'),
(331, 51, 113, 6, 1, 4, 1, '1552548604', '1552549437', '29', 3, 0, '', '1'),
(332, 51, 129, 1, 1, 4, 1, '1552308241', '1552380746', '4', 2, 0, '', '1'),
(333, 51, 129, 3, 1, 4, 1, '1552476058', '1552476783', '8', 2, 0, '', '1'),
(334, 51, 129, 2, 1, 4, 1, '', '', '11', 0, 0, '', '1'),
(335, 51, 129, 4, 1, 4, 1, '1552548378', '1552548578', '6', 3, 0, '', '1'),
(336, 51, 130, 1, 1, 4, 1, '1552308214', '1552380756', '4', 2, 0, '', '1'),
(337, 51, 130, 2, 1, 4, 1, '', '', '26', 0, 0, '', '1'),
(338, 52, 2, 6, 4, 4, 1, '1552478187', '1552557717', '86', 3, 0, '', '1'),
(339, 52, 97, 1, 4, 4, 1, '1552308161', '1552380665', '13', 2, 0, '', '1'),
(340, 52, 97, 2, 4, 4, 1, '1552469942', '1552469946', '41', 2, 0, '', '1'),
(341, 52, 104, 1, 4, 4, 1, '1552308222', '1552380680', '13', 2, 0, '', '1'),
(342, 52, 104, 3, 4, 4, 1, '1552476084', '1552478734', '29', 2, 0, '', '1'),
(343, 52, 104, 4, 4, 4, 1, '1552477686', '1552478169', '21', 3, 0, '', '1'),
(344, 52, 105, 1, 16, 4, 1, '1552308252', '1552380692', '25', 2, 0, '', '1'),
(345, 52, 105, 3, 16, 4, 1, '1552371768', '1552380709', '41', 2, 0, '', '1'),
(346, 53, 244, 6, 3, 4, 1, '1553169657', '1553174242', '80', 3, 0, '', '1'),
(347, 53, 246, 1, 3, 4, 1, '1552308216', '1552380719', '22', 2, 0, '', '1'),
(348, 53, 246, 2, 3, 1, 1, '', '', '35', 0, 0, '', '1'),
(349, 53, 246, 3, 3, 4, 1, '1552981658', '1552984208', '80', 2, 0, '', '1'),
(350, 53, 246, 5, 3, 4, 1, '1553154147', '1553168901', '85', 3, 0, '', '1'),
(351, 53, 247, 1, 3, 4, 1, '1552308021', '1552380733', '22', 2, 0, '', '1'),
(352, 53, 247, 3, 3, 4, 1, '1552981691', '1552984200', '32', 2, 0, '', '1'),
(353, 53, 247, 2, 3, 4, 1, '1552905998', '1552906611', '53', 2, 0, '', '1'),
(354, 53, 247, 4, 3, 4, 1, '1552555502', '1552556098', '29', 3, 0, '', '1'),
(355, 55, 89, 6, 4, 4, 1, '1552488980', '1552490748', '93', 3, 0, '', '1'),
(356, 55, 207, 1, 4, 4, 1, '1552382295', '1552383506', '13', 3, 0, '', '1'),
(357, 55, 207, 3, 4, 4, 1, '', '', '33', 0, 0, '', '1'),
(358, 55, 207, 3, 4, 4, 1, '1552391352', '1552391362', '49', 2, 0, '', '1'),
(359, 55, 207, 4, 4, 4, 1, '', '', '25', 0, 0, '', '1'),
(360, 55, 208, 1, 4, 4, 1, '1552382298', '1552383515', '13', 3, 0, '', '1'),
(361, 55, 208, 2, 4, 4, 1, '', '', '49', 0, 0, '', '1'),
(362, 55, 209, 1, 4, 4, 1, '1552382301', '1552383521', '9', 3, 0, '', '1'),
(363, 55, 209, 3, 4, 4, 1, '1552391377', '1552391388', '13', 2, 0, '', '1'),
(364, 56, 3, 6, 1, 4, 1, '1552482130', '1552553970', '20', 3, 0, '', '1'),
(365, 56, 4, 6, 1, 4, 1, '1552481834', '1552554407', '24', 3, 0, '', '1'),
(366, 56, 219, 1, 1, 4, 1, '1552462829', '1552462837', '4', 2, 0, '', '1'),
(367, 56, 219, 3, 1, 4, 1, '1552479560', '1552480964', '8', 2, 0, '', '1'),
(368, 56, 219, 3, 1, 4, 1, '', '', '11', 0, 0, '', '1'),
(369, 56, 219, 4, 1, 4, 1, '1552480735', '1552480962', '6', 3, 0, '', '1'),
(370, 56, 220, 1, 1, 4, 1, '1552462770', '1552462774', '3', 2, 0, '', '1'),
(371, 56, 220, 3, 1, 4, 1, '', '', '3.5', 0, 0, '', '1'),
(372, 56, 221, 1, 1, 4, 1, '1552462779', '1552462782', '3', 2, 0, '', '1'),
(373, 56, 221, 2, 1, 4, 1, '1552466920', '1552466924', '20', 2, 0, '', '1'),
(374, 56, 180, 1, 1, 4, 1, '1552462787', '1552462789', '4', 2, 0, '', '1'),
(375, 56, 180, 3, 1, 4, 1, '1552479569', '1552480958', '8', 2, 0, '', '1'),
(376, 56, 180, 3, 1, 4, 1, '', '', '11', 0, 0, '', '1'),
(377, 56, 180, 4, 1, 4, 1, '1552480970', '1552481084', '6', 3, 0, '', '1'),
(378, 56, 181, 1, 1, 4, 1, '1552462805', '1552462808', '4', 2, 0, '', '1'),
(379, 56, 181, 2, 1, 4, 1, '1552466942', '1552466949', '11', 2, 0, '', '1'),
(380, 56, 182, 1, 4, 4, 1, '1552462813', '1552462816', '9', 2, 0, '', '1'),
(381, 56, 182, 3, 4, 4, 1, '1552486518', '1552543928', '11', 2, 0, '', '1'),
(382, 57, 52, 5, 8, 4, 1, '', '', '80', 0, 0, '', '1'),
(383, 57, 52, 6, 8, 4, 1, '1552902097', '', '124', 3, 0, '', '1'),
(384, 57, 32, 6, 2, 4, 1, '1552561202', '1552562704', '22', 3, 0, '', '1'),
(385, 57, 5, 1, 2, 4, 1, '1552462852', '1552462859', '5', 2, 0, '', '1'),
(386, 57, 5, 3, 2, 4, 1, '1552477570', '1552479578', '21', 2, 0, '', '1'),
(387, 57, 5, 4, 2, 4, 1, '1552554901', '1552555311', '11', 3, 0, '', '1'),
(388, 57, 248, 1, 8, 4, 1, '1552462452', '1552462901', '26', 3, 0, '', '1'),
(389, 57, 248, 2, 8, 4, 1, '1552631941', '1552641436', '85', 2, 0, '', '1'),
(390, 57, 248, 3, 8, 4, 1, '1552637185', '1552641413', '165', 2, 0, '', '1'),
(391, 57, 248, 5, 8, 4, 1, '1552889527', '1552896027', '170', 3, 0, '', '1'),
(392, 57, 249, 1, 8, 4, 1, '1552462456', '1552463571', '42', 3, 0, '', '1'),
(393, 57, 249, 3, 8, 4, 1, '1552914065', '1552915678', '58', 2, 0, '', '1'),
(394, 57, 249, 2, 8, 4, 1, '1552917251', '1552920838', '84', 2, 0, '', '1'),
(395, 57, 249, 4, 8, 4, 1, '1552915046', '1552915764', '50', 3, 0, '', '1'),
(396, 57, 250, 1, 2, 4, 1, '1552462426', '1552462886', '8', 3, 0, '', '1'),
(397, 57, 250, 2, 2, 4, 1, '1552468424', '1552468430', '25', 2, 0, '', '1'),
(398, 57, 250, 5, 2, 4, 1, '1552479739', '1552480672', '35', 3, 0, '', '1'),
(399, 57, 251, 1, 2, 4, 1, '1552462890', '1552462893', '5', 2, 0, '', '1'),
(400, 57, 251, 3, 2, 4, 1, '1552477574', '1552478729', '21', 2, 0, '', '1'),
(401, 57, 251, 4, 2, 4, 1, '', '', '11', 0, 0, '', '1'),
(402, 59, 185, 6, 9, 4, 1, '', '', '135', 0, 1, '', '1'),
(403, 58, 99, 1, 2, 4, 1, '1553174443', '1553174448', '7', 3, 1, '', '1'),
(404, 58, 99, 2, 2, 1, 1, '', '', '21', 0, 1, '', '1'),
(405, 58, 26, 1, 16, 4, 1, '1553174457', '1553174462', '33', 3, 1, '', '1'),
(406, 58, 26, 3, 16, 1, 1, '', '', '41', 0, 1, '', '1'),
(407, 60, 253, 5, 1, 1, 1, '', '', '70', 0, 1, '', '1'),
(408, 60, 253, 6, 1, 3, 1, '1552565927', '', '315', 3, 1, '', '1'),
(409, 61, 253, 5, 1, 1, 1, '', '', '70', 0, 1, '', '1'),
(410, 61, 253, 6, 1, 1, 1, '', '', '315', 0, 1, '', '1'),
(411, 61, 185, 6, 4, 3, 1, '1552648752', '', '65', 3, 1, '', '1'),
(412, 61, 89, 6, 4, 4, 1, '1552919445', '1553168970', '93', 3, 1, '', '1'),
(413, 61, 207, 1, 4, 4, 1, '1552637879', '1552638859', '13', 3, 1, '', '1'),
(414, 61, 207, 3, 4, 4, 1, '1552896564', '1552899116', '33', 2, 1, '', '1'),
(415, 61, 207, 3, 4, 4, 1, '1552486453', '1552486472', '49', 2, 1, '', '1'),
(416, 61, 207, 4, 4, 4, 1, '1552487761', '1552487962', '25', 3, 1, '', '1'),
(417, 61, 208, 1, 4, 4, 1, '1552637885', '1552638869', '13', 3, 1, '', '1'),
(418, 61, 208, 2, 4, 4, 1, '1552906702', '1552907831', '49', 2, 1, '', '1'),
(419, 61, 209, 1, 16, 4, 1, '1552637888', '1552638863', '33', 3, 1, '', '1'),
(420, 61, 209, 3, 16, 4, 1, '1552641607', '1552649125', '49', 2, 1, '', '1'),
(421, 62, 254, 5, 2, 4, 1, '', '', '15', 0, 1, '', '1'),
(422, 62, 254, 6, 2, 4, 1, '1552657198', '1552898542', '35', 3, 1, '', '1'),
(423, 62, 254, 7, 2, 4, 1, '1552655061', '1552656276', '35', 2, 1, '', '1'),
(424, 62, 263, 1, 2, 4, 1, '1552636902', '1552637081', '6', 3, 1, '', '1'),
(425, 62, 263, 2, 2, 4, 1, '1552651846', '1552655013', '35', 2, 1, '', '1'),
(426, 62, 265, 1, 2, 4, 1, '1552636907', '1552637075', '5', 3, 1, '', '1'),
(427, 62, 265, 3, 2, 4, 1, '1552654964', '1552656239', '16', 2, 1, '', '1'),
(428, 62, 265, 3, 2, 4, 1, '1552654908', '1552655621', '22', 2, 1, '', '1'),
(429, 62, 265, 4, 2, 4, 1, '1552656832', '1552657153', '18', 3, 1, '', '1'),
(430, 63, 185, 6, 2, 4, 1, '1552558814', '1552560459', '35', 3, 1, '', '1'),
(431, 64, 51, 6, 2, 4, 1, '1552901840', '1552918445', '58', 3, 1, '', '1'),
(432, 64, 70, 1, 2, 4, 1, '1552637503', '1552637762', '5', 3, 1, '', '1'),
(433, 64, 70, 3, 2, 4, 1, '1552893329', '1552896376', '12', 2, 1, '', '1'),
(434, 64, 70, 2, 2, 4, 1, '1552905841', '1552906559', '32', 2, 1, '', '1'),
(435, 64, 70, 4, 2, 4, 1, '1552901298', '1552901587', '17', 3, 1, '', '1'),
(436, 64, 71, 1, 2, 4, 1, '1552637510', '1552637771', '11', 3, 1, '', '1'),
(437, 64, 71, 2, 2, 4, 1, '1552905892', '1552906537', '24', 2, 1, '', '1'),
(438, 64, 71, 3, 2, 4, 1, '1552893307', '1552895391', '45', 2, 1, '', '1'),
(439, 64, 71, 5, 2, 4, 1, '1552898845', '1552901227', '53', 3, 1, '', '1'),
(440, 65, 185, 6, 1, 4, 1, '1552654819', '1552656497', '20', 3, 1, '', '1'),
(441, 66, 185, 6, 2, 4, 1, '1552643052', '1552648463', '35', 3, 1, '', '1'),
(442, 67, 88, 6, 1, 4, 1, '1552916040', '1552917511', '25', 3, 1, '', '1'),
(443, 67, 266, 1, 4, 4, 1, '1552638992', '1552639458', '9', 3, 1, '', '1'),
(444, 67, 266, 3, 4, 4, 1, '1552641662', '1552649135', '13', 2, 1, '', '1'),
(445, 67, 267, 1, 1, 4, 1, '1552638997', '1552639443', '7', 3, 1, '', '1'),
(446, 67, 267, 2, 1, 4, 1, '1552906624', '1552906992', '15', 2, 1, '', '1'),
(447, 67, 268, 1, 1, 4, 1, '1552639000', '1552639449', '4', 3, 1, '', '1'),
(448, 67, 268, 3, 1, 1, 1, '', '', '9', 0, 1, '', '1'),
(449, 67, 268, 3, 1, 4, 1, '1552897727', '1552898282', '13', 2, 1, '', '1'),
(450, 67, 268, 4, 1, 4, 1, '1552915802', '1552916023', '7', 3, 1, '', '1'),
(451, 68, 240, 6, 1, 4, 1, '1552631674', '1552654796', '17', 3, 3, '', '1'),
(452, 68, 240, 7, 1, 4, 1, '1552655045', '1552656257', '23', 2, 3, '', '1'),
(453, 68, 242, 1, 1, 4, 1, '1552636545', '1552636735', '6', 3, 3, '', '1'),
(454, 68, 242, 2, 1, 4, 1, '1552648927', '1552649104', '15', 2, 3, '', '1'),
(455, 68, 243, 1, 1, 4, 1, '1552636384', '1552636732', '5', 3, 3, '', '1'),
(456, 68, 243, 3, 1, 4, 1, '1552631903', '1552647670', '10', 2, 3, '', '1'),
(457, 68, 243, 2, 1, 4, 1, '1552647685', '1552648916', '12', 2, 3, '', '1'),
(458, 68, 243, 4, 1, 4, 1, '1552649830', '1552650087', '10', 3, 3, '', '1'),
(459, 69, 269, 6, 1, 4, 1, '1553174266', '1553174273', '20', 3, 1, '', '1'),
(460, 69, 269, 7, 1, 4, 1, '1553088500', '1553089018', '25', 2, 1, '', '1'),
(461, 69, 271, 1, 1, 4, 1, '1552906435', '1552906626', '4', 3, 1, '', '1'),
(462, 69, 271, 2, 1, 4, 1, '1553004527', '1553069553', '20', 2, 1, '', '1'),
(463, 69, 273, 1, 1, 4, 1, '1552906444', '1552906631', '3', 3, 1, '', '1'),
(464, 69, 273, 3, 1, 4, 1, '1553067107', '1553067580', '7', 2, 1, '', '1'),
(465, 69, 273, 3, 1, 1, 1, '', '', '7', 0, 1, '', '1'),
(466, 69, 273, 4, 1, 4, 1, '1553179243', '1553179349', '15', 3, 1, '', '1'),
(467, 70, 51, 6, 2, 4, 1, '1553174312', '1553174342', '58', 3, 1, '', '1'),
(468, 70, 50, 6, 2, 4, 1, '1553174318', '1553174335', '43', 3, 1, '', '1'),
(469, 70, 70, 1, 2, 4, 1, '1552906006', '1552906310', '5', 3, 1, '', '1'),
(470, 70, 70, 3, 2, 4, 1, '1553067601', '1553068217', '12', 2, 1, '', '1'),
(471, 70, 70, 2, 2, 4, 1, '1553083890', '1553084819', '32', 2, 1, '', '1'),
(472, 70, 70, 4, 2, 4, 1, '1553179255', '1553179354', '17', 3, 1, '', '1'),
(473, 70, 71, 1, 2, 4, 1, '1552906010', '1552906304', '11', 3, 1, '', '1'),
(474, 70, 71, 2, 2, 4, 1, '1552995173', '1552995701', '24', 2, 1, '', '1'),
(475, 70, 71, 3, 2, 4, 1, '1552995135', '1552998431', '45', 2, 1, '', '1'),
(476, 70, 71, 5, 2, 4, 1, '1553179406', '1553179448', '53', 3, 1, '', '1'),
(477, 70, 138, 1, 2, 4, 1, '1552905685', '1552905923', '7', 3, 1, '', '1'),
(478, 70, 138, 2, 2, 4, 1, '1553069573', '1553070572', '41', 2, 1, '', '1'),
(479, 70, 138, 4, 2, 4, 1, '1553179260', '1553179360', '11', 3, 1, '', '1'),
(480, 70, 139, 1, 2, 4, 1, '1552905681', '1552905917', '7', 3, 1, '', '1'),
(481, 70, 139, 2, 2, 4, 1, '1552999191', '1552999630', '61', 2, 1, '', '1'),
(482, 70, 139, 5, 2, 4, 1, '1553179412', '1553179455', '40', 3, 1, '', '1'),
(483, 74, 145, 6, 1, 1, 1, '', '', '19', 0, 1, '', '1'),
(484, 74, 269, 6, 2, 1, 1, '', '', '35', 0, 1, '', '1'),
(485, 74, 269, 7, 2, 1, 1, '', '', '45', 0, 1, '', '1'),
(486, 74, 112, 6, 2, 1, 1, '', '', '43', 0, 1, '', '1'),
(487, 74, 170, 1, 1, 4, 1, '1552904766', '1552904958', '4', 3, 1, '', '1'),
(488, 74, 170, 3, 1, 4, 1, '1553066351', '1553066848', '8', 2, 1, '', '1'),
(489, 74, 170, 2, 1, 4, 1, '1553081073', '1553081516', '15', 2, 1, '', '1'),
(490, 74, 170, 4, 1, 4, 1, '1553179273', '1553179380', '7', 3, 1, '', '1'),
(491, 74, 171, 1, 1, 4, 1, '1552904763', '1552904953', '4', 3, 1, '', '1'),
(492, 74, 171, 2, 1, 4, 1, '1553092870', '1553093693', '19', 2, 1, '', '1'),
(493, 74, 171, 5, 1, 1, 1, '', '', '24', 0, 1, '', '1'),
(494, 74, 271, 1, 2, 4, 1, '1553174648', '1553174654', '6', 3, 1, '', '1'),
(495, 74, 271, 2, 2, 4, 1, '1553084917', '1553086128', '35', 2, 1, '', '1'),
(496, 74, 273, 1, 2, 4, 1, '1553174645', '1553174663', '5', 3, 1, '', '1'),
(497, 74, 273, 3, 2, 1, 1, '', '', '12', 0, 1, '', '1'),
(498, 74, 273, 3, 2, 1, 1, '', '', '12', 0, 1, '', '1'),
(499, 74, 273, 4, 2, 4, 1, '1553179286', '1553179376', '25', 3, 1, '', '1'),
(500, 74, 183, 1, 2, 4, 1, '1552904481', '1552904736', '7', 3, 1, '', '1'),
(501, 74, 183, 3, 2, 4, 1, '1553073831', '1553074454', '13', 2, 1, '', '1'),
(502, 74, 183, 2, 2, 4, 1, '1553082929', '1553083863', '21', 2, 1, '', '1'),
(503, 74, 183, 4, 2, 4, 1, '1553179311', '1553179371', '11', 3, 1, '', '1'),
(504, 74, 184, 1, 2, 4, 1, '1552904485', '1552904742', '7', 3, 1, '', '1'),
(505, 74, 184, 2, 2, 4, 1, '1553072550', '1553073812', '51', 2, 1, '', '1'),
(506, 71, 280, 5, 2, 4, 1, '1552897215', '1552897455', '22', 3, 1, '', '1'),
(507, 71, 280, 6, 2, 4, 1, '1552659856', '1552898115', '35', 3, 1, '', '1'),
(508, 71, 298, 1, 2, 4, 1, '1552659381', '1552659438', '5', 3, 1, '', '1'),
(509, 71, 298, 3, 2, 4, 1, '', '', '25', 0, 1, '', '1'),
(510, 71, 298, 2, 2, 4, 1, '', '', '32', 0, 1, '', '1'),
(511, 71, 298, 4, 2, 4, 1, '1552659465', '1552659826', '12', 3, 1, '', '1'),
(512, 71, 299, 1, 2, 4, 1, '1552659272', '1552659447', '10', 3, 1, '', '1'),
(513, 71, 299, 3, 2, 4, 1, '1552891708', '1552893289', '35', 2, 1, '', '1'),
(514, 71, 299, 5, 2, 4, 1, '1552897211', '1552897446', '11', 3, 1, '', '1'),
(515, 72, 293, 6, 3, 4, 1, '', '', '71', 0, 3, '', '1'),
(516, 72, 295, 1, 3, 4, 1, '1552906667', '1552907594', '10', 3, 3, '', '1'),
(517, 72, 295, 3, 3, 4, 1, '1552915700', '1552917229', '37', 2, 3, '', '1'),
(518, 72, 295, 2, 3, 4, 1, '1552984264', '1552985404', '31', 2, 3, '', '1'),
(519, 72, 295, 4, 3, 4, 1, '', '', '19', 0, 3, '', '1'),
(520, 72, 296, 1, 3, 4, 1, '1552906671', '1552907584', '10', 3, 3, '', '1'),
(521, 72, 296, 2, 3, 4, 1, '1552985410', '1552986406', '37', 2, 3, '', '1'),
(522, 72, 297, 1, 12, 4, 1, '1552906674', '1552907589', '25', 3, 3, '', '1'),
(523, 72, 297, 3, 12, 4, 1, '1552912764', '1552915348', '31', 2, 3, '', '1'),
(524, 73, 294, 6, 1, 4, 1, '1553176301', '1553179051', '25', 3, 1, '', '1'),
(525, 73, 300, 1, 1, 4, 1, '1553174495', '1553174554', '5', 3, 1, '', '1'),
(526, 73, 300, 3, 1, 4, 1, '1553074479', '1553075385', '16', 2, 1, '', '1'),
(527, 73, 300, 2, 1, 1, 1, '', '', '20', 0, 1, '', '1'),
(528, 73, 300, 4, 1, 4, 1, '1553175904', '1553176287', '13', 3, 1, '', '1'),
(529, 73, 301, 1, 1, 4, 1, '1553174505', '1553174561', '9', 3, 1, '', '1'),
(530, 73, 301, 2, 1, 4, 1, '1552656400', '1552905903', '30', 2, 1, '', '1'),
(531, 73, 302, 1, 4, 4, 1, '1553174508', '1553174566', '9', 3, 1, '', '1'),
(532, 73, 302, 3, 4, 4, 1, '1553068218', '1553070157', '22', 2, 1, '', '1'),
(533, 75, 112, 6, 2, 4, 1, '', '', '43', 0, 1, '', '1'),
(534, 75, 183, 1, 2, 4, 1, '1552904131', '1552904398', '7', 3, 1, '', '1'),
(535, 75, 183, 3, 2, 4, 1, '1553065120', '1553065611', '13', 2, 1, '', '1'),
(536, 75, 183, 2, 2, 4, 1, '1553080380', '1553081055', '21', 2, 1, '', '1'),
(537, 75, 183, 4, 2, 4, 1, '', '', '11', 0, 1, '', '1'),
(538, 75, 184, 1, 2, 4, 1, '1552904134', '1552904394', '7', 3, 1, '', '1'),
(539, 75, 184, 2, 2, 4, 1, '1553003114', '1553004252', '51', 2, 1, '', '1'),
(540, 76, 52, 5, 4, 4, 1, '', '', '40', 0, 1, '', '1'),
(541, 76, 52, 6, 4, 4, 1, '', '', '64', 0, 1, '', '1'),
(542, 76, 248, 1, 4, 4, 1, '1552904991', '1552905461', '14', 3, 1, '', '1'),
(543, 76, 248, 2, 4, 4, 1, '1552991721', '1552992527', '45', 2, 1, '', '1'),
(544, 76, 248, 3, 4, 4, 1, '1552992713', '1552995114', '85', 2, 1, '', '1'),
(545, 76, 248, 5, 4, 4, 1, '', '', '90', 0, 1, '', '1'),
(546, 76, 249, 1, 4, 4, 1, '1552904995', '1552905466', '22', 3, 1, '', '1'),
(547, 76, 249, 3, 4, 4, 1, '1553068246', '1553069343', '30', 2, 1, '', '1'),
(548, 76, 249, 2, 4, 4, 1, '1553081539', '1553082863', '44', 2, 1, '', '1'),
(549, 76, 249, 4, 4, 4, 1, '', '', '26', 0, 1, '', '1'),
(550, 77, 75, 1, 2, 4, 1, '', '', '7', 0, 1, '', '1'),
(551, 77, 75, 3, 2, 4, 1, '', '', '17', 0, 1, '', '1'),
(552, 77, 75, 3, 2, 4, 1, '1553071859', '1553073498', '25', 2, 1, '', '1'),
(553, 77, 75, 4, 2, 4, 1, '', '', '13', 0, 1, '', '1'),
(554, 78, 294, 6, 1, 4, 1, '1553177796', '1553178879', '25', 3, 1, '', '1'),
(555, 78, 300, 1, 1, 4, 1, '1553174548', '1553174571', '5', 3, 1, '', '1'),
(556, 78, 300, 3, 1, 1, 1, '', '', '16', 0, 1, '', '1'),
(557, 78, 300, 2, 1, 4, 1, '1553091522', '1553092708', '20', 2, 1, '', '1'),
(558, 78, 300, 4, 1, 4, 1, '1553179308', '1553179365', '13', 3, 1, '', '1'),
(559, 78, 301, 1, 1, 4, 1, '1553174517', '1553174575', '9', 3, 1, '', '1'),
(560, 78, 301, 2, 1, 4, 1, '1553090591', '1553091486', '30', 2, 1, '', '1'),
(561, 78, 302, 1, 4, 4, 1, '1553174543', '1553174581', '9', 3, 1, '', '1'),
(562, 78, 302, 3, 4, 1, 1, '', '', '22', 0, 1, '', '1'),
(563, 79, 32, 6, 1, 4, 1, '', '', '12', 0, 1, '', '1'),
(564, 79, 250, 1, 1, 4, 1, '', '', '3', 0, 1, '', '1'),
(565, 79, 250, 2, 1, 4, 1, '1553004843', '1553005459', '15', 2, 1, '', '1'),
(566, 79, 250, 5, 1, 4, 1, '', '', '20', 0, 1, '', '1'),
(567, 79, 251, 1, 1, 4, 1, '', '', '3', 0, 1, '', '1'),
(568, 79, 251, 3, 1, 4, 1, '1553064833', '1553065098', '11', 2, 1, '', '1'),
(569, 79, 251, 4, 1, 4, 1, '', '', '6', 0, 1, '', '1'),
(570, 80, 35, 6, 1, 1, 1, '', '', '20', 0, 1, '', '1'),
(571, 80, 329, 1, 1, 4, 1, '1553174672', '1553174675', '4', 3, 1, '', '1'),
(572, 80, 329, 2, 1, 4, 1, '1553093711', '1553095455', '17', 2, 1, '', '1'),
(573, 80, 329, 5, 1, 1, 1, '', '', '25', 0, 1, '', '1'),
(574, 80, 330, 1, 1, 4, 1, '1553174593', '1553174618', '3', 3, 1, '', '1'),
(575, 80, 330, 3, 1, 4, 1, '1553070828', '1553071666', '13', 2, 1, '', '1'),
(576, 80, 330, 4, 1, 4, 1, '1553179655', '1553179749', '6', 3, 1, '', '1'),
(577, 81, 112, 6, 1, 4, 1, '', '', '24', 0, 1, '', '1'),
(578, 81, 183, 1, 1, 4, 1, '', '', '4', 0, 1, '', '1'),
(579, 81, 183, 3, 1, 4, 1, '1553065691', '1553066002', '7', 2, 1, '', '1'),
(580, 81, 183, 2, 1, 4, 1, '1553079927', '1553080357', '11', 2, 1, '', '1'),
(581, 81, 183, 4, 1, 4, 1, '', '', '6', 0, 1, '', '1'),
(582, 81, 184, 1, 1, 4, 1, '', '', '4', 0, 1, '', '1'),
(583, 81, 184, 2, 1, 4, 1, '1553002058', '1553003012', '25', 2, 1, '', '1'),
(584, 81, 184, 5, 1, 4, 1, '', '', '5', 0, 1, '', '1'),
(585, 82, 109, 6, 1, 1, 1, '', '', '19', 0, 1, '', '1'),
(586, 82, 127, 1, 1, 4, 1, '1553150464', '1553150691', '2', 3, 1, '', '1'),
(587, 82, 127, 3, 1, 1, 1, '', '', '20', 0, 1, '', '1'),
(588, 82, 127, 4, 1, 1, 1, '', '', '7', 0, 1, '', '1'),
(589, 82, 128, 1, 1, 4, 1, '1553150477', '1553150699', '3', 3, 1, '', '1'),
(590, 82, 128, 3, 1, 4, 1, '1553176352', '1553177266', '13', 2, 1, '', '1'),
(591, 82, 128, 5, 1, 1, 1, '', '', '5', 0, 1, '', '1'),
(592, 83, 344, 6, 1, 1, 1, '', '', '24', 0, 1, '', '1'),
(593, 83, 345, 1, 1, 4, 1, '1553149880', '1553150450', '3', 3, 1, '', '1'),
(594, 83, 345, 2, 1, 4, 1, '1553177324', '1553177802', '10', 2, 1, '', '1'),
(595, 83, 345, 3, 1, 1, 1, '', '', '20', 0, 1, '', '1'),
(596, 83, 345, 5, 1, 1, 1, '', '', '20', 0, 1, '', '1'),
(597, 83, 348, 1, 1, 4, 1, '1553149885', '1553150456', '4', 3, 1, '', '1'),
(598, 83, 348, 3, 1, 4, 1, '1553175374', '1553175893', '12', 2, 1, '', '1'),
(599, 83, 348, 2, 1, 1, 1, '', '', '20', 0, 1, '', '1'),
(600, 83, 348, 4, 1, 1, 1, '', '', '6', 0, 1, '', '1'),
(601, 84, 350, 6, 3, 1, 1, '', '', '50', 0, 1, '', '1'),
(602, 84, 351, 1, 12, 4, 1, '1553150718', '1553151814', '25', 3, 1, '', '1'),
(603, 84, 351, 3, 12, 4, 1, '1553173022', '1553175381', '61', 2, 1, '', '1'),
(604, 84, 352, 1, 3, 4, 1, '1553150712', '1553151809', '13', 3, 1, '', '1'),
(605, 84, 352, 2, 3, 1, 1, '', '', '50', 0, 1, '', '1'),
(606, 84, 353, 1, 3, 4, 1, '1553150709', '1553151804', '10', 3, 1, '', '1'),
(607, 84, 353, 3, 3, 4, 1, '1553172981', '1553175342', '27', 2, 1, '', '1'),
(608, 84, 353, 2, 3, 1, 1, '', '', '29', 0, 1, '', '1'),
(609, 84, 353, 4, 3, 1, 1, '', '', '18', 0, 1, '', '1'),
(610, 85, 294, 6, 1, 4, 1, '1553179124', '1553179133', '25', 3, 1, '', '1'),
(611, 85, 300, 1, 1, 4, 1, '1553174605', '1553174621', '5', 3, 1, '', '1'),
(612, 85, 300, 3, 1, 4, 1, '1553074492', '1553076578', '16', 2, 1, '', '1'),
(613, 85, 300, 2, 1, 4, 1, '1553091503', '1553092702', '20', 2, 1, '', '1'),
(614, 85, 300, 4, 1, 4, 1, '1553175358', '1553175895', '13', 3, 1, '', '1'),
(615, 85, 301, 1, 1, 4, 1, '1553174608', '1553174624', '9', 3, 1, '', '1'),
(616, 85, 301, 2, 1, 4, 1, '1553090571', '1553091168', '30', 2, 1, '', '1'),
(617, 85, 302, 1, 4, 4, 1, '1553174602', '1553174627', '9', 3, 1, '', '1'),
(618, 85, 302, 3, 4, 4, 1, '1553069080', '1553070151', '30', 2, 1, '', '1'),
(619, 86, 440, 6, 2, 4, 1, '1553170561', '1553171748', '35', 3, 3, '', '1'),
(620, 86, 441, 1, 2, 4, 1, '1553151830', '1553152490', '5', 3, 3, '', '1'),
(621, 86, 441, 2, 2, 4, 1, '1553167768', '1553168138', '21', 2, 3, '', '1'),
(622, 86, 442, 1, 8, 4, 1, '1553151827', '1553152501', '13', 3, 3, '', '1'),
(623, 86, 442, 3, 8, 4, 1, '1553165930', '1553167757', '41', 2, 3, '', '1'),
(624, 86, 443, 1, 2, 4, 1, '1553149886', '1553152495', '3', 3, 3, '', '1'),
(625, 86, 443, 3, 2, 4, 1, '1553165927', '1553167344', '11', 2, 3, '', '1'),
(626, 86, 443, 2, 2, 4, 1, '1553168147', '1553169104', '18', 2, 3, '', '1'),
(627, 86, 443, 4, 2, 4, 1, '1553169173', '1553169446', '14', 3, 3, '', '1'),
(628, 87, 2, 6, 4, 1, 1, '', '', '86', 0, 1, '', '1'),
(629, 87, 97, 1, 4, 4, 1, '1553152836', '1553154125', '13', 3, 1, '', '1'),
(630, 87, 97, 2, 4, 1, 1, '', '', '41', 0, 1, '', '1'),
(631, 87, 104, 1, 4, 4, 1, '1553152833', '1553154120', '13', 3, 1, '', '1'),
(632, 87, 104, 3, 4, 4, 1, '1553169772', '1553172956', '61', 2, 1, '', '1'),
(633, 87, 104, 4, 4, 1, 1, '', '', '21', 0, 1, '', '1'),
(634, 87, 105, 1, 16, 4, 1, '1553152828', '1553154112', '25', 3, 1, '', '1'),
(635, 87, 105, 3, 16, 4, 1, '1553169790', '1553172971', '81', 2, 1, '', '1'),
(636, 88, 240, 6, 2, 1, 1, '', '', '32', 0, 1, '', '1'),
(637, 88, 240, 7, 2, 1, 1, '', '', '38', 0, 1, '', '1'),
(638, 88, 242, 1, 2, 4, 1, '1553152605', '1553152815', '10', 3, 1, '', '1'),
(639, 88, 242, 2, 2, 1, 1, '', '', '25', 0, 1, '', '1'),
(640, 88, 243, 1, 2, 4, 1, '1553152599', '1553152809', '3', 3, 1, '', '1'),
(641, 88, 243, 3, 2, 4, 1, '1553169131', '1553170096', '35', 2, 1, '', '1'),
(642, 88, 243, 4, 2, 1, 1, '', '', '10', 0, 1, '', '1'),
(643, 90, 185, 6, 1, 1, 1, '', '', '20', 0, 1, '', '1'),
(644, 91, 240, 6, 1, 1, 1, '', '', '17', 0, 3, '', '1'),
(645, 91, 240, 7, 1, 1, 1, '', '', '23', 0, 3, '', '1'),
(646, 91, 242, 1, 1, 1, 1, '', '', '6', 0, 3, '', '1'),
(647, 91, 242, 2, 1, 1, 1, '', '', '15', 0, 3, '', '1'),
(648, 91, 243, 1, 1, 1, 1, '', '', '2', 0, 3, '', '1'),
(649, 91, 243, 3, 1, 1, 1, '', '', '20', 0, 3, '', '1'),
(650, 91, 243, 4, 1, 1, 1, '', '', '6', 0, 3, '', '1'),
(651, 92, 147, 6, 1, 1, 1, '', '', '23', 0, 1, '', '1'),
(652, 92, 515, 1, 1, 1, 1, '', '', '4', 0, 1, '', '1'),
(653, 92, 515, 2, 1, 1, 1, '', '', '20', 0, 1, '', '1'),
(654, 92, 515, 5, 1, 1, 1, '', '', '15', 0, 1, '', '1'),
(655, 92, 516, 1, 1, 1, 1, '', '', '2', 0, 1, '', '1'),
(656, 92, 516, 3, 1, 1, 1, '', '', '17', 0, 1, '', '1'),
(657, 92, 516, 4, 1, 1, 1, '', '', '7', 0, 1, '', '1');

-- --------------------------------------------------------

--
-- Структура таблицы `order_action_states`
--

CREATE TABLE `order_action_states` (
  `id` int(11) NOT NULL,
  `id_action` int(11) NOT NULL COMMENT 'order action',
  `type_action` varchar(50) NOT NULL,
  `state` tinyint(3) NOT NULL,
  `time` varchar(100) NOT NULL,
  `id_worker` int(11) NOT NULL,
  `status` enum('0','1') NOT NULL DEFAULT '1'
) ENGINE=MyISAM DEFAULT CHARSET=utf8 ROW_FORMAT=DYNAMIC;

--
-- Дамп данных таблицы `order_action_states`
--

INSERT INTO `order_action_states` (`id`, `id_action`, `type_action`, `state`, `time`, `id_worker`, `status`) VALUES
(1, 289, 'plan', 2, '1552289715', 0, '1'),
(2, 289, 'plan', 2, '1552289919', 0, '1'),
(3, 289, 'plan', 1, '1552289929', 0, '1'),
(4, 289, 'plan', 2, '1552290521', 0, '1'),
(5, 18, 'unplan', 2, '1552302029', 3, '1'),
(6, 17, 'unplan', 2, '1552302039', 3, '1'),
(7, 17, 'unplan', 4, '1552302049', 3, '1'),
(8, 18, 'unplan', 4, '1552303123', 3, '1'),
(9, 259, 'plan', 2, '1552307874', 2, '1'),
(10, 265, 'plan', 2, '1552307877', 2, '1'),
(11, 272, 'plan', 2, '1552307879', 2, '1'),
(12, 278, 'plan', 2, '1552307883', 2, '1'),
(13, 285, 'plan', 2, '1552307888', 2, '1'),
(14, 303, 'plan', 2, '1552307889', 2, '1'),
(15, 285, 'plan', 4, '1552307891', 2, '1'),
(16, 290, 'plan', 2, '1552307893', 2, '1'),
(17, 310, 'plan', 2, '1552307896', 2, '1'),
(18, 259, 'plan', 4, '1552307899', 2, '1'),
(19, 278, 'plan', 4, '1552307901', 2, '1'),
(20, 265, 'plan', 4, '1552307903', 2, '1'),
(21, 290, 'plan', 4, '1552307905', 2, '1'),
(22, 272, 'plan', 4, '1552307909', 2, '1'),
(23, 303, 'plan', 4, '1552307911', 2, '1'),
(24, 310, 'plan', 4, '1552307913', 2, '1'),
(25, 245, 'plan', 2, '1552307925', 2, '1'),
(26, 254, 'plan', 2, '1552307928', 2, '1'),
(27, 263, 'plan', 2, '1552307931', 2, '1'),
(28, 275, 'plan', 2, '1552307935', 2, '1'),
(29, 284, 'plan', 2, '1552307941', 2, '1'),
(30, 293, 'plan', 2, '1552307949', 2, '1'),
(31, 245, 'plan', 4, '1552307952', 2, '1'),
(32, 247, 'plan', 2, '1552307960', 2, '1'),
(33, 247, 'plan', 4, '1552307964', 2, '1'),
(34, 127, 'plan', 2, '1552307971', 2, '1'),
(35, 127, 'plan', 4, '1552307974', 2, '1'),
(36, 254, 'plan', 4, '1552307977', 2, '1'),
(37, 293, 'plan', 4, '1552307995', 2, '1'),
(38, 289, 'plan', 4, '1552308001', 2, '1'),
(39, 263, 'plan', 4, '1552308008', 2, '1'),
(40, 275, 'plan', 4, '1552308014', 2, '1'),
(41, 351, 'plan', 2, '1552308021', 2, '1'),
(42, 231, 'plan', 2, '1552308024', 2, '1'),
(43, 258, 'plan', 2, '1552308027', 2, '1'),
(44, 271, 'plan', 2, '1552308029', 2, '1'),
(45, 231, 'plan', 4, '1552308034', 2, '1'),
(46, 271, 'plan', 4, '1552308043', 2, '1'),
(47, 284, 'plan', 4, '1552308050', 2, '1'),
(48, 351, 'plan', 4, '1552308066', 2, '1'),
(49, 243, 'plan', 2, '1552308072', 2, '1'),
(50, 260, 'plan', 2, '1552308073', 2, '1'),
(51, 280, 'plan', 2, '1552308076', 2, '1'),
(52, 250, 'plan', 2, '1552308081', 2, '1'),
(53, 267, 'plan', 2, '1552308084', 2, '1'),
(54, 243, 'plan', 4, '1552308087', 2, '1'),
(55, 250, 'plan', 4, '1552308091', 2, '1'),
(56, 258, 'plan', 4, '1552308096', 2, '1'),
(57, 260, 'plan', 4, '1552308099', 2, '1'),
(58, 267, 'plan', 4, '1552308101', 2, '1'),
(59, 280, 'plan', 4, '1552308105', 2, '1'),
(60, 277, 'plan', 2, '1552308107', 2, '1'),
(61, 299, 'plan', 2, '1552308109', 2, '1'),
(62, 309, 'plan', 2, '1552308111', 2, '1'),
(63, 286, 'plan', 2, '1552308113', 2, '1'),
(64, 302, 'plan', 2, '1552308115', 2, '1'),
(65, 314, 'plan', 2, '1552308117', 2, '1'),
(66, 277, 'plan', 4, '1552308124', 2, '1'),
(67, 286, 'plan', 4, '1552308128', 2, '1'),
(68, 299, 'plan', 4, '1552308134', 2, '1'),
(69, 309, 'plan', 4, '1552308137', 2, '1'),
(70, 314, 'plan', 4, '1552308142', 2, '1'),
(71, 302, 'plan', 4, '1552308145', 2, '1'),
(72, 295, 'plan', 2, '1552308152', 2, '1'),
(73, 320, 'plan', 2, '1552308154', 2, '1'),
(74, 329, 'plan', 2, '1552308159', 2, '1'),
(75, 339, 'plan', 2, '1552308161', 2, '1'),
(76, 295, 'plan', 4, '1552308170', 2, '1'),
(77, 306, 'plan', 2, '1552308171', 2, '1'),
(78, 306, 'plan', 4, '1552308174', 2, '1'),
(79, 320, 'plan', 4, '1552308183', 2, '1'),
(80, 316, 'plan', 2, '1552308188', 2, '1'),
(81, 316, 'plan', 4, '1552308194', 2, '1'),
(82, 339, 'plan', 4, '1552308200', 2, '1'),
(83, 329, 'plan', 4, '1552308208', 2, '1'),
(84, 322, 'plan', 2, '1552308212', 2, '1'),
(85, 336, 'plan', 2, '1552308214', 2, '1'),
(86, 347, 'plan', 2, '1552308216', 2, '1'),
(87, 325, 'plan', 2, '1552308221', 2, '1'),
(88, 341, 'plan', 2, '1552308222', 2, '1'),
(89, 322, 'plan', 4, '1552308226', 2, '1'),
(90, 325, 'plan', 4, '1552308229', 2, '1'),
(91, 336, 'plan', 4, '1552308235', 2, '1'),
(92, 347, 'plan', 4, '1552308239', 2, '1'),
(93, 332, 'plan', 2, '1552308241', 2, '1'),
(94, 332, 'plan', 4, '1552308244', 2, '1'),
(95, 341, 'plan', 4, '1552308247', 2, '1'),
(96, 344, 'plan', 2, '1552308252', 2, '1'),
(97, 344, 'plan', 4, '1552308255', 2, '1'),
(98, 13, 'unplan', 2, '1552308316', 2, '1'),
(99, 13, 'unplan', 4, '1552308319', 2, '1'),
(100, 19, 'unplan', 2, '1552308329', 2, '1'),
(101, 19, 'unplan', 4, '1552308331', 2, '1'),
(102, 27, 'unplan', 2, '1552308350', 2, '1'),
(103, 27, 'unplan', 4, '1552308356', 2, '1'),
(104, 22, 'unplan', 2, '1552308364', 2, '1'),
(105, 22, 'unplan', 4, '1552308370', 2, '1'),
(106, 14, 'unplan', 2, '1552310206', 2, '1'),
(107, 14, 'unplan', 4, '1552310210', 2, '1'),
(108, 308, 'plan', 2, '1552310237', 3, '1'),
(109, 308, 'plan', 4, '1552310245', 3, '1'),
(110, 301, 'plan', 2, '1552310272', 3, '1'),
(111, 301, 'plan', 3, '1552310339', 3, '1'),
(112, 248, 'plan', 2, '1552312310', 3, '1'),
(113, 248, 'plan', 4, '1552312726', 3, '1'),
(114, 242, 'plan', 2, '1552312738', 3, '1'),
(115, 242, 'plan', 3, '1552313028', 3, '1'),
(116, 305, 'plan', 2, '1552313554', 3, '1'),
(117, 305, 'plan', 4, '1552313717', 3, '1'),
(118, 297, 'plan', 2, '1552313740', 3, '1'),
(119, 297, 'plan', 3, '1552313994', 3, '1'),
(120, 257, 'plan', 2, '1552314058', 3, '1'),
(121, 257, 'plan', 4, '1552314368', 3, '1'),
(122, 311, 'plan', 2, '1552314752', 3, '1'),
(123, 311, 'plan', 4, '1552314974', 3, '1'),
(124, 298, 'plan', 2, '1552315039', 3, '1'),
(125, 298, 'plan', 3, '1552315329', 3, '1'),
(126, 30, 'unplan', 2, '1552371044', 3, '1'),
(127, 317, 'plan', 2, '1552371732', 2, '1'),
(128, 296, 'plan', 2, '1552371761', 2, '1'),
(129, 345, 'plan', 2, '1552371768', 2, '1'),
(130, 30, 'unplan', 4, '1552373063', 3, '1'),
(131, 31, 'unplan', 2, '1552373073', 3, '1'),
(132, 317, 'plan', 4, '1552374386', 2, '1'),
(133, 345, 'plan', 4, '1552374394', 2, '1'),
(134, 296, 'plan', 4, '1552374404', 2, '1'),
(135, 31, 'unplan', 4, '1552374411', 3, '1'),
(136, 268, 'plan', 2, '1552374420', 2, '1'),
(137, 268, 'plan', 4, '1552374424', 2, '1'),
(138, 269, 'plan', 2, '1552374560', 3, '1'),
(139, 269, 'plan', 4, '1552374985', 3, '1'),
(140, 319, 'plan', 2, '1552374998', 3, '1'),
(141, 281, 'plan', 2, '1552375002', 2, '1'),
(142, 281, 'plan', 4, '1552375008', 2, '1'),
(143, 319, 'plan', 4, '1552375425', 3, '1'),
(144, 283, 'plan', 2, '1552375433', 3, '1'),
(145, 283, 'plan', 4, '1552375864', 3, '1'),
(146, 279, 'plan', 2, '1552376309', 3, '1'),
(147, 279, 'plan', 3, '1552376634', 3, '1'),
(148, 251, 'plan', 2, '1552376810', 3, '1'),
(149, 128, 'plan', 4, '1552377311', 2, '1'),
(150, 232, 'plan', 2, '1552377316', 2, '1'),
(151, 232, 'plan', 4, '1552377319', 2, '1'),
(152, 273, 'plan', 2, '1552377396', 2, '1'),
(153, 273, 'plan', 4, '1552377403', 2, '1'),
(154, 251, 'plan', 4, '1552377410', 3, '1'),
(155, 332, 'plan', 2, '1552380297', 0, '1'),
(156, 336, 'plan', 2, '1552380304', 0, '1'),
(157, 339, 'plan', 2, '1552380338', 0, '1'),
(158, 341, 'plan', 2, '1552380343', 0, '1'),
(159, 344, 'plan', 2, '1552380354', 0, '1'),
(160, 345, 'plan', 2, '1552380359', 0, '1'),
(161, 325, 'plan', 2, '1552380380', 0, '1'),
(162, 329, 'plan', 2, '1552380388', 0, '1'),
(163, 347, 'plan', 2, '1552380402', 0, '1'),
(164, 351, 'plan', 2, '1552380407', 0, '1'),
(165, 325, 'plan', 4, '1552380611', 3, '1'),
(166, 329, 'plan', 4, '1552380629', 3, '1'),
(167, 339, 'plan', 4, '1552380665', 3, '1'),
(168, 341, 'plan', 4, '1552380680', 3, '1'),
(169, 344, 'plan', 4, '1552380692', 3, '1'),
(170, 345, 'plan', 4, '1552380709', 3, '1'),
(171, 347, 'plan', 4, '1552380719', 3, '1'),
(172, 351, 'plan', 4, '1552380733', 3, '1'),
(173, 332, 'plan', 4, '1552380746', 3, '1'),
(174, 336, 'plan', 4, '1552380756', 3, '1'),
(175, 356, 'plan', 2, '1552382295', 3, '1'),
(176, 360, 'plan', 2, '1552382298', 3, '1'),
(177, 362, 'plan', 2, '1552382301', 3, '1'),
(178, 356, 'plan', 4, '1552383506', 3, '1'),
(179, 360, 'plan', 4, '1552383515', 3, '1'),
(180, 362, 'plan', 4, '1552383521', 3, '1'),
(181, 36, 'unplan', 2, '1552383900', 3, '1'),
(182, 32, 'unplan', 2, '1552384189', 3, '1'),
(183, 32, 'unplan', 4, '1552385165', 3, '1'),
(184, 36, 'unplan', 4, '1552385171', 3, '1'),
(185, 38, 'unplan', 2, '1552387569', 3, '1'),
(186, 38, 'unplan', 4, '1552391276', 3, '1'),
(187, 358, 'plan', 2, '1552391352', 2, '1'),
(188, 358, 'plan', 4, '1552391362', 2, '1'),
(189, 363, 'plan', 2, '1552391377', 2, '1'),
(190, 363, 'plan', 4, '1552391388', 2, '1'),
(191, 274, 'plan', 2, '1552391687', 3, '1'),
(192, 274, 'plan', 4, '1552393935', 3, '1'),
(193, 270, 'plan', 2, '1552393991', 3, '1'),
(194, 270, 'plan', 3, '1552398095', 0, '1'),
(195, 312, 'plan', 2, '1552398374', 3, '1'),
(196, 261, 'plan', 2, '1552398699', 2, '1'),
(197, 261, 'plan', 4, '1552398704', 2, '1'),
(198, 256, 'plan', 2, '1552398713', 2, '1'),
(199, 256, 'plan', 4, '1552398718', 2, '1'),
(200, 312, 'plan', 3, '1552399202', 3, '1'),
(201, 304, 'plan', 2, '1552400092', 2, '1'),
(202, 304, 'plan', 4, '1552400101', 2, '1'),
(203, 307, 'plan', 2, '1552400110', 2, '1'),
(204, 307, 'plan', 4, '1552400114', 2, '1'),
(205, 242, 'plan', 2, '1552400690', 3, '1'),
(206, 242, 'plan', 4, '1552401123', 3, '1'),
(207, 297, 'plan', 2, '1552401208', 3, '1'),
(208, 313, 'plan', 2, '1552401553', 2, '1'),
(209, 313, 'plan', 4, '1552401556', 2, '1'),
(210, 282, 'plan', 2, '1552401709', 2, '1'),
(211, 282, 'plan', 4, '1552401714', 2, '1'),
(212, 287, 'plan', 2, '1552401719', 2, '1'),
(213, 287, 'plan', 4, '1552401722', 2, '1'),
(214, 297, 'plan', 4, '1552401787', 3, '1'),
(215, 312, 'plan', 2, '1552401798', 3, '1'),
(216, 312, 'plan', 4, '1552401951', 3, '1'),
(217, 279, 'plan', 2, '1552457256', 3, '1'),
(218, 279, 'plan', 4, '1552458092', 3, '1'),
(219, 39, 'unplan', 2, '1552458210', 3, '1'),
(220, 39, 'unplan', 3, '1552459903', 3, '1'),
(221, 301, 'plan', 2, '1552460147', 3, '1'),
(222, 301, 'plan', 4, '1552461448', 3, '1'),
(223, 298, 'plan', 2, '1552461515', 3, '1'),
(224, 298, 'plan', 4, '1552462030', 3, '1'),
(225, 396, 'plan', 2, '1552462426', 3, '1'),
(226, 396, 'plan', 3, '1552462442', 3, '1'),
(227, 388, 'plan', 2, '1552462452', 3, '1'),
(228, 392, 'plan', 2, '1552462456', 3, '1'),
(229, 370, 'plan', 2, '1552462770', 2, '1'),
(230, 370, 'plan', 4, '1552462774', 2, '1'),
(231, 372, 'plan', 2, '1552462779', 2, '1'),
(232, 372, 'plan', 4, '1552462782', 2, '1'),
(233, 374, 'plan', 2, '1552462787', 2, '1'),
(234, 374, 'plan', 4, '1552462789', 2, '1'),
(235, 378, 'plan', 2, '1552462805', 2, '1'),
(236, 378, 'plan', 4, '1552462808', 2, '1'),
(237, 380, 'plan', 2, '1552462813', 2, '1'),
(238, 380, 'plan', 4, '1552462816', 2, '1'),
(239, 366, 'plan', 2, '1552462829', 2, '1'),
(240, 366, 'plan', 4, '1552462837', 2, '1'),
(241, 385, 'plan', 2, '1552462852', 2, '1'),
(242, 385, 'plan', 4, '1552462859', 2, '1'),
(243, 392, 'plan', 4, '1552462864', 2, '1'),
(244, 396, 'plan', 2, '1552462881', 2, '1'),
(245, 396, 'plan', 4, '1552462886', 2, '1'),
(246, 399, 'plan', 2, '1552462890', 2, '1'),
(247, 399, 'plan', 4, '1552462893', 2, '1'),
(248, 388, 'plan', 4, '1552462901', 2, '1'),
(249, 392, 'plan', 4, '1552463571', 3, '1'),
(250, 270, 'plan', 2, '1552463944', 3, '1'),
(251, 270, 'plan', 3, '1552466131', 3, '1'),
(252, 236, 'plan', 2, '1552466251', 2, '1'),
(253, 236, 'plan', 4, '1552466267', 2, '1'),
(254, 239, 'plan', 2, '1552466290', 2, '1'),
(255, 239, 'plan', 4, '1552466296', 2, '1'),
(256, 373, 'plan', 2, '1552466920', 2, '1'),
(257, 373, 'plan', 4, '1552466924', 2, '1'),
(258, 379, 'plan', 2, '1552466942', 2, '1'),
(259, 379, 'plan', 4, '1552466949', 2, '1'),
(260, 270, 'plan', 2, '1552467503', 3, '1'),
(261, 397, 'plan', 2, '1552468424', 2, '1'),
(262, 397, 'plan', 4, '1552468430', 2, '1'),
(263, 270, 'plan', 3, '1552469074', 3, '1'),
(264, 270, 'plan', 2, '1552469470', 3, '1'),
(265, 340, 'plan', 2, '1552469942', 2, '1'),
(266, 340, 'plan', 4, '1552469946', 2, '1'),
(267, 270, 'plan', 3, '1552471129', 3, '1'),
(268, 270, 'plan', 2, '1552472514', 3, '1'),
(269, 270, 'plan', 3, '1552474150', 3, '1'),
(270, 333, 'plan', 2, '1552476058', 2, '1'),
(271, 342, 'plan', 2, '1552476084', 2, '1'),
(272, 333, 'plan', 4, '1552476783', 2, '1'),
(273, 237, 'plan', 2, '1552477143', 3, '1'),
(274, 386, 'plan', 2, '1552477570', 2, '1'),
(275, 400, 'plan', 2, '1552477574', 2, '1'),
(276, 237, 'plan', 4, '1552477643', 3, '1'),
(277, 343, 'plan', 2, '1552477686', 3, '1'),
(278, 343, 'plan', 4, '1552478169', 3, '1'),
(279, 338, 'plan', 2, '1552478187', 3, '1'),
(280, 400, 'plan', 4, '1552478729', 2, '1'),
(281, 342, 'plan', 4, '1552478734', 2, '1'),
(282, 338, 'plan', 3, '1552479412', 3, '1'),
(283, 367, 'plan', 2, '1552479560', 2, '1'),
(284, 375, 'plan', 2, '1552479569', 2, '1'),
(285, 386, 'plan', 4, '1552479578', 2, '1'),
(286, 398, 'plan', 2, '1552479739', 3, '1'),
(287, 398, 'plan', 4, '1552480672', 3, '1'),
(288, 369, 'plan', 2, '1552480735', 3, '1'),
(289, 375, 'plan', 4, '1552480958', 2, '1'),
(290, 369, 'plan', 4, '1552480962', 3, '1'),
(291, 367, 'plan', 4, '1552480964', 2, '1'),
(292, 377, 'plan', 2, '1552480970', 3, '1'),
(293, 377, 'plan', 4, '1552481084', 3, '1'),
(294, 365, 'plan', 2, '1552481834', 3, '1'),
(295, 365, 'plan', 3, '1552482124', 3, '1'),
(296, 364, 'plan', 2, '1552482130', 3, '1'),
(297, 364, 'plan', 3, '1552482741', 3, '1'),
(298, 266, 'plan', 2, '1552483361', 3, '1'),
(299, 266, 'plan', 3, '1552483932', 3, '1'),
(300, 35, 'unplan', 2, '1552484518', 3, '1'),
(301, 321, 'plan', 2, '1552486449', 2, '1'),
(302, 415, 'plan', 2, '1552486453', 2, '1'),
(303, 415, 'plan', 4, '1552486472', 2, '1'),
(304, 381, 'plan', 2, '1552486518', 2, '1'),
(305, 416, 'plan', 2, '1552487761', 3, '1'),
(306, 416, 'plan', 4, '1552487962', 3, '1'),
(307, 35, 'unplan', 4, '1552488890', 3, '1'),
(308, 21, 'unplan', 2, '1552488892', 3, '1'),
(309, 21, 'unplan', 3, '1552488898', 3, '1'),
(310, 355, 'plan', 2, '1552488980', 3, '1'),
(311, 355, 'plan', 4, '1552490748', 3, '1'),
(312, 266, 'plan', 2, '1552543876', 3, '1'),
(313, 381, 'plan', 4, '1552543928', 2, '1'),
(314, 321, 'plan', 4, '1552543935', 2, '1'),
(315, 266, 'plan', 4, '1552546823', 3, '1'),
(316, 262, 'plan', 2, '1552546850', 3, '1'),
(317, 294, 'plan', 2, '1552547678', 2, '1'),
(318, 262, 'plan', 4, '1552548206', 3, '1'),
(319, 294, 'plan', 4, '1552548355', 2, '1'),
(320, 335, 'plan', 2, '1552548378', 3, '1'),
(321, 335, 'plan', 4, '1552548578', 3, '1'),
(322, 331, 'plan', 2, '1552548604', 3, '1'),
(323, 331, 'plan', 4, '1552549437', 3, '1'),
(324, 233, 'plan', 2, '1552549458', 3, '1'),
(325, 233, 'plan', 4, '1552551588', 3, '1'),
(326, 39, 'unplan', 2, '1552552050', 3, '1'),
(327, 39, 'unplan', 4, '1552552420', 3, '1'),
(328, 270, 'plan', 2, '1552552958', 3, '1'),
(329, 291, 'plan', 2, '1552553302', 2, '1'),
(330, 270, 'plan', 4, '1552553438', 3, '1'),
(331, 364, 'plan', 2, '1552553630', 3, '1'),
(332, 291, 'plan', 4, '1552553874', 2, '1'),
(333, 364, 'plan', 4, '1552553970', 3, '1'),
(334, 365, 'plan', 2, '1552554117', 3, '1'),
(335, 365, 'plan', 4, '1552554407', 3, '1'),
(336, 387, 'plan', 2, '1552554901', 3, '1'),
(337, 387, 'plan', 4, '1552555311', 3, '1'),
(338, 354, 'plan', 2, '1552555502', 3, '1'),
(339, 354, 'plan', 4, '1552556098', 3, '1'),
(340, 338, 'plan', 2, '1552556393', 3, '1'),
(341, 338, 'plan', 4, '1552557717', 3, '1'),
(342, 430, 'plan', 2, '1552558814', 3, '1'),
(343, 430, 'plan', 4, '1552560459', 3, '1'),
(344, 384, 'plan', 2, '1552561202', 3, '1'),
(345, 384, 'plan', 4, '1552562704', 3, '1'),
(346, 292, 'plan', 2, '1552563910', 3, '1'),
(347, 326, 'plan', 2, '1552564181', 2, '1'),
(348, 292, 'plan', 4, '1552564318', 3, '1'),
(349, 288, 'plan', 2, '1552564342', 3, '1'),
(350, 288, 'plan', 4, '1552565338', 3, '1'),
(351, 326, 'plan', 4, '1552565605', 2, '1'),
(352, 326, 'plan', 4, '1552565607', 2, '1'),
(353, 327, 'plan', 2, '1552565640', 2, '1'),
(354, 330, 'plan', 2, '1552565663', 2, '1'),
(355, 408, 'plan', 2, '1552565927', 3, '1'),
(356, 327, 'plan', 4, '1552567035', 2, '1'),
(357, 330, 'plan', 4, '1552573573', 2, '1'),
(358, 408, 'plan', 3, '1552575081', 3, '1'),
(359, 51, 'plan', 2, '1552631654', 3, '1'),
(360, 451, 'plan', 2, '1552631674', 3, '1'),
(361, 451, 'plan', 3, '1552631679', 3, '1'),
(362, 456, 'plan', 2, '1552631903', 2, '1'),
(363, 389, 'plan', 2, '1552631941', 2, '1'),
(364, 51, 'plan', 4, '1552632575', 3, '1'),
(365, 52, 'plan', 2, '1552632607', 3, '1'),
(366, 52, 'plan', 4, '1552633429', 3, '1'),
(367, 328, 'plan', 2, '1552634191', 3, '1'),
(368, 328, 'plan', 4, '1552634472', 3, '1'),
(369, 389, 'plan', 3, '1552635131', 2, '1'),
(370, 51, 'unplan', 2, '1552635182', 3, '1'),
(371, 389, 'plan', 2, '1552635471', 2, '1'),
(372, 231, 'plan', 2, '1552636049', 0, '1'),
(373, 232, 'plan', 2, '1552636053', 0, '1'),
(374, 51, 'unplan', 4, '1552636349', 3, '1'),
(375, 455, 'plan', 2, '1552636384', 3, '1'),
(376, 455, 'plan', 3, '1552636390', 3, '1'),
(377, 455, 'plan', 2, '1552636540', 3, '1'),
(378, 453, 'plan', 2, '1552636545', 3, '1'),
(379, 455, 'plan', 4, '1552636732', 3, '1'),
(380, 453, 'plan', 4, '1552636735', 3, '1'),
(381, 231, 'plan', 2, '1552636886', 0, '1'),
(382, 424, 'plan', 2, '1552636902', 3, '1'),
(383, 426, 'plan', 2, '1552636907', 3, '1'),
(384, 426, 'plan', 4, '1552637075', 3, '1'),
(385, 424, 'plan', 4, '1552637081', 3, '1'),
(386, 26, 'unplan', 2, '1552637097', 2, '1'),
(387, 390, 'plan', 2, '1552637185', 2, '1'),
(388, 432, 'plan', 2, '1552637503', 3, '1'),
(389, 436, 'plan', 2, '1552637510', 3, '1'),
(390, 432, 'plan', 4, '1552637762', 3, '1'),
(391, 436, 'plan', 4, '1552637771', 3, '1'),
(392, 413, 'plan', 2, '1552637879', 3, '1'),
(393, 417, 'plan', 2, '1552637885', 3, '1'),
(394, 419, 'plan', 2, '1552637888', 3, '1'),
(395, 413, 'plan', 4, '1552638859', 3, '1'),
(396, 419, 'plan', 4, '1552638863', 3, '1'),
(397, 417, 'plan', 4, '1552638869', 3, '1'),
(398, 443, 'plan', 2, '1552638992', 3, '1'),
(399, 445, 'plan', 2, '1552638997', 3, '1'),
(400, 447, 'plan', 2, '1552639000', 3, '1'),
(401, 445, 'plan', 4, '1552639443', 3, '1'),
(402, 447, 'plan', 4, '1552639449', 3, '1'),
(403, 443, 'plan', 4, '1552639458', 3, '1'),
(404, 232, 'plan', 4, '1552639813', 2, '1'),
(405, 19, 'unplan', 2, '1552639909', 0, '1'),
(406, 22, 'unplan', 2, '1552639916', 0, '1'),
(407, 21, 'unplan', 2, '1552639926', 0, '1'),
(408, 390, 'plan', 4, '1552641413', 2, '1'),
(409, 389, 'plan', 4, '1552641436', 2, '1'),
(410, 420, 'plan', 2, '1552641607', 2, '1'),
(411, 444, 'plan', 2, '1552641662', 2, '1'),
(412, 441, 'plan', 2, '1552643052', 3, '1'),
(413, 19, 'unplan', 1, '1552643076', 4, '1'),
(414, 19, 'unplan', 2, '1552643090', 4, '1'),
(415, 19, 'unplan', 1, '1552643103', 4, '1'),
(416, 21, 'unplan', 1, '1552643110', 4, '1'),
(417, 22, 'unplan', 1, '1552643115', 4, '1'),
(418, 26, 'unplan', 1, '1552643120', 4, '1'),
(419, 320, 'plan', 1, '1552643133', 4, '1'),
(420, 321, 'plan', 1, '1552643141', 4, '1'),
(421, 322, 'plan', 2, '1552643149', 4, '1'),
(422, 322, 'plan', 1, '1552643160', 4, '1'),
(423, 441, 'plan', 3, '1552643603', 3, '1'),
(424, 19, 'unplan', 2, '1552644106', 3, '1'),
(425, 22, 'unplan', 2, '1552644131', 3, '1'),
(426, 320, 'plan', 2, '1552644151', 3, '1'),
(427, 322, 'plan', 2, '1552644154', 3, '1'),
(428, 320, 'plan', 4, '1552645527', 3, '1'),
(429, 322, 'plan', 4, '1552645534', 3, '1'),
(430, 22, 'unplan', 4, '1552645550', 3, '1'),
(431, 19, 'unplan', 4, '1552645564', 3, '1'),
(432, 408, 'plan', 2, '1552645948', 3, '1'),
(433, 408, 'plan', 3, '1552646449', 3, '1'),
(434, 456, 'plan', 4, '1552647670', 2, '1'),
(435, 457, 'plan', 2, '1552647685', 2, '1'),
(436, 441, 'plan', 2, '1552647707', 3, '1'),
(437, 441, 'plan', 4, '1552648463', 3, '1'),
(438, 411, 'plan', 2, '1552648752', 3, '1'),
(439, 55, 'unplan', 1, '1552648758', 4, '1'),
(440, 457, 'plan', 4, '1552648916', 2, '1'),
(441, 454, 'plan', 2, '1552648927', 2, '1'),
(442, 454, 'plan', 4, '1552649104', 2, '1'),
(443, 420, 'plan', 4, '1552649125', 2, '1'),
(444, 444, 'plan', 4, '1552649135', 2, '1'),
(445, 411, 'plan', 3, '1552649793', 3, '1'),
(446, 458, 'plan', 2, '1552649830', 3, '1'),
(447, 458, 'plan', 4, '1552650087', 3, '1'),
(448, 451, 'plan', 2, '1552650101', 3, '1'),
(449, 23, 'unplan', 4, '1552650365', 4, '1'),
(450, 20, 'unplan', 4, '1552650374', 4, '1'),
(451, 451, 'plan', 3, '1552650718', 3, '1'),
(452, 425, 'plan', 2, '1552651846', 2, '1'),
(453, 451, 'plan', 2, '1552654781', 3, '1'),
(454, 451, 'plan', 4, '1552654796', 3, '1'),
(455, 440, 'plan', 2, '1552654819', 3, '1'),
(456, 428, 'plan', 2, '1552654908', 2, '1'),
(457, 427, 'plan', 2, '1552654964', 2, '1'),
(458, 425, 'plan', 4, '1552655013', 2, '1'),
(459, 452, 'plan', 2, '1552655045', 2, '1'),
(460, 423, 'plan', 2, '1552655061', 2, '1'),
(461, 428, 'plan', 4, '1552655621', 2, '1'),
(462, 427, 'plan', 4, '1552656239', 2, '1'),
(463, 452, 'plan', 4, '1552656257', 2, '1'),
(464, 423, 'plan', 4, '1552656276', 2, '1'),
(465, 530, 'plan', 2, '1552656400', 2, '1'),
(466, 440, 'plan', 4, '1552656497', 3, '1'),
(467, 429, 'plan', 2, '1552656832', 3, '1'),
(468, 429, 'plan', 4, '1552657153', 3, '1'),
(469, 422, 'plan', 2, '1552657198', 3, '1'),
(470, 422, 'plan', 3, '1552658760', 3, '1'),
(471, 512, 'plan', 2, '1552659272', 3, '1'),
(472, 508, 'plan', 2, '1552659381', 3, '1'),
(473, 508, 'plan', 4, '1552659438', 3, '1'),
(474, 512, 'plan', 4, '1552659447', 3, '1'),
(475, 511, 'plan', 2, '1552659465', 3, '1'),
(476, 231, 'plan', 4, '1552659563', 2, '1'),
(477, 511, 'plan', 4, '1552659826', 3, '1'),
(478, 507, 'plan', 2, '1552659856', 3, '1'),
(479, 507, 'plan', 3, '1552660254', 3, '1'),
(480, 391, 'plan', 2, '1552889527', 3, '1'),
(481, 391, 'plan', 3, '1552890875', 3, '1'),
(482, 391, 'plan', 2, '1552891679', 3, '1'),
(483, 513, 'plan', 2, '1552891708', 2, '1'),
(484, 513, 'plan', 4, '1552893289', 2, '1'),
(485, 438, 'plan', 2, '1552893307', 2, '1'),
(486, 433, 'plan', 2, '1552893329', 2, '1'),
(487, 438, 'plan', 4, '1552895391', 2, '1'),
(488, 391, 'plan', 4, '1552896027', 3, '1'),
(489, 433, 'plan', 4, '1552896376', 2, '1'),
(490, 414, 'plan', 2, '1552896564', 2, '1'),
(491, 514, 'plan', 2, '1552897211', 3, '1'),
(492, 506, 'plan', 2, '1552897215', 3, '1'),
(493, 514, 'plan', 4, '1552897446', 3, '1'),
(494, 514, 'plan', 4, '1552897446', 3, '1'),
(495, 506, 'plan', 4, '1552897455', 3, '1'),
(496, 507, 'plan', 2, '1552897495', 3, '1'),
(497, 449, 'plan', 2, '1552897727', 2, '1'),
(498, 507, 'plan', 4, '1552898115', 3, '1'),
(499, 422, 'plan', 2, '1552898162', 3, '1'),
(500, 449, 'plan', 4, '1552898282', 2, '1'),
(501, 422, 'plan', 4, '1552898542', 3, '1'),
(502, 439, 'plan', 2, '1552898845', 3, '1'),
(503, 414, 'plan', 4, '1552899116', 2, '1'),
(504, 439, 'plan', 4, '1552901227', 3, '1'),
(505, 435, 'plan', 2, '1552901298', 3, '1'),
(506, 435, 'plan', 4, '1552901587', 3, '1'),
(507, 431, 'plan', 2, '1552901840', 3, '1'),
(508, 431, 'plan', 3, '1552902062', 3, '1'),
(509, 383, 'plan', 2, '1552902097', 3, '1'),
(510, 383, 'plan', 3, '1552902949', 3, '1'),
(511, 534, 'plan', 2, '1552904131', 3, '1'),
(512, 538, 'plan', 2, '1552904134', 3, '1'),
(513, 538, 'plan', 4, '1552904394', 3, '1'),
(514, 534, 'plan', 4, '1552904398', 3, '1'),
(515, 500, 'plan', 2, '1552904481', 3, '1'),
(516, 504, 'plan', 2, '1552904485', 3, '1'),
(517, 500, 'plan', 4, '1552904736', 3, '1'),
(518, 504, 'plan', 4, '1552904742', 3, '1'),
(519, 491, 'plan', 2, '1552904763', 3, '1'),
(520, 487, 'plan', 2, '1552904766', 3, '1'),
(521, 491, 'plan', 4, '1552904953', 3, '1'),
(522, 487, 'plan', 4, '1552904958', 3, '1'),
(523, 542, 'plan', 2, '1552904991', 3, '1'),
(524, 546, 'plan', 2, '1552904995', 3, '1'),
(525, 542, 'plan', 4, '1552905461', 3, '1'),
(526, 546, 'plan', 4, '1552905466', 3, '1'),
(527, 480, 'plan', 2, '1552905681', 3, '1'),
(528, 477, 'plan', 2, '1552905685', 3, '1'),
(529, 434, 'plan', 2, '1552905841', 2, '1'),
(530, 437, 'plan', 2, '1552905892', 2, '1'),
(531, 530, 'plan', 4, '1552905903', 2, '1'),
(532, 480, 'plan', 4, '1552905917', 3, '1'),
(533, 477, 'plan', 4, '1552905923', 3, '1'),
(534, 353, 'plan', 2, '1552905998', 2, '1'),
(535, 469, 'plan', 2, '1552906006', 3, '1'),
(536, 473, 'plan', 2, '1552906010', 3, '1'),
(537, 473, 'plan', 4, '1552906304', 3, '1'),
(538, 469, 'plan', 4, '1552906310', 3, '1'),
(539, 461, 'plan', 2, '1552906435', 3, '1'),
(540, 463, 'plan', 2, '1552906444', 3, '1'),
(541, 437, 'plan', 4, '1552906537', 2, '1'),
(542, 434, 'plan', 4, '1552906559', 2, '1'),
(543, 353, 'plan', 4, '1552906611', 2, '1'),
(544, 446, 'plan', 2, '1552906624', 2, '1'),
(545, 461, 'plan', 4, '1552906626', 3, '1'),
(546, 463, 'plan', 4, '1552906631', 3, '1'),
(547, 516, 'plan', 2, '1552906667', 3, '1'),
(548, 520, 'plan', 2, '1552906671', 3, '1'),
(549, 522, 'plan', 2, '1552906674', 3, '1'),
(550, 418, 'plan', 2, '1552906702', 2, '1'),
(551, 446, 'plan', 4, '1552906992', 2, '1'),
(552, 520, 'plan', 4, '1552907584', 3, '1'),
(553, 522, 'plan', 4, '1552907589', 3, '1'),
(554, 516, 'plan', 4, '1552907594', 3, '1'),
(555, 418, 'plan', 4, '1552907831', 2, '1'),
(556, 21, 'unplan', 2, '1552908971', 3, '1'),
(557, 323, 'plan', 2, '1552909487', 2, '1'),
(558, 323, 'plan', 4, '1552909996', 2, '1'),
(559, 523, 'plan', 2, '1552912764', 2, '1'),
(560, 21, 'unplan', 4, '1552912979', 3, '1'),
(561, 26, 'unplan', 2, '1552913007', 3, '1'),
(562, 393, 'plan', 2, '1552914065', 2, '1'),
(563, 26, 'unplan', 4, '1552914639', 3, '1'),
(564, 395, 'plan', 2, '1552915046', 3, '1'),
(565, 523, 'plan', 4, '1552915348', 2, '1'),
(566, 393, 'plan', 4, '1552915678', 2, '1'),
(567, 517, 'plan', 2, '1552915700', 2, '1'),
(568, 395, 'plan', 4, '1552915764', 3, '1'),
(569, 450, 'plan', 2, '1552915802', 3, '1'),
(570, 450, 'plan', 4, '1552916023', 3, '1'),
(571, 442, 'plan', 2, '1552916040', 3, '1'),
(572, 517, 'plan', 4, '1552917229', 2, '1'),
(573, 394, 'plan', 2, '1552917251', 2, '1'),
(574, 442, 'plan', 4, '1552917511', 3, '1'),
(575, 431, 'plan', 2, '1552917546', 3, '1'),
(576, 431, 'plan', 4, '1552918445', 3, '1'),
(577, 412, 'plan', 2, '1552919445', 3, '1'),
(578, 394, 'plan', 4, '1552920838', 2, '1'),
(579, 412, 'plan', 3, '1552920922', 3, '1'),
(580, 349, 'plan', 2, '1552981658', 2, '1'),
(581, 352, 'plan', 2, '1552981691', 2, '1'),
(582, 352, 'plan', 4, '1552984200', 2, '1'),
(583, 349, 'plan', 4, '1552984208', 2, '1'),
(584, 518, 'plan', 2, '1552984264', 2, '1'),
(585, 518, 'plan', 4, '1552985404', 2, '1'),
(586, 521, 'plan', 2, '1552985410', 2, '1'),
(587, 521, 'plan', 4, '1552986406', 2, '1'),
(588, 61, 'unplan', 2, '1552987378', 2, '1'),
(589, 61, 'unplan', 4, '1552988213', 2, '1'),
(590, 543, 'plan', 2, '1552991721', 2, '1'),
(591, 543, 'plan', 4, '1552992527', 2, '1'),
(592, 544, 'plan', 2, '1552992713', 2, '1'),
(593, 544, 'plan', 4, '1552995114', 2, '1'),
(594, 475, 'plan', 2, '1552995135', 2, '1'),
(595, 475, 'plan', 3, '1552995158', 2, '1'),
(596, 474, 'plan', 2, '1552995173', 2, '1'),
(597, 474, 'plan', 4, '1552995701', 2, '1'),
(598, 475, 'plan', 2, '1552995716', 2, '1'),
(599, 475, 'plan', 4, '1552998431', 2, '1'),
(600, 481, 'plan', 2, '1552999191', 2, '1'),
(601, 481, 'plan', 4, '1552999630', 2, '1'),
(602, 583, 'plan', 2, '1553002058', 2, '1'),
(603, 583, 'plan', 4, '1553003012', 2, '1'),
(604, 539, 'plan', 2, '1553003114', 2, '1'),
(605, 539, 'plan', 4, '1553004252', 2, '1'),
(606, 462, 'plan', 2, '1553004527', 2, '1'),
(607, 565, 'plan', 2, '1553004843', 2, '1'),
(608, 565, 'plan', 4, '1553005459', 2, '1'),
(609, 568, 'plan', 2, '1553064833', 2, '1'),
(610, 568, 'plan', 4, '1553065098', 2, '1'),
(611, 535, 'plan', 2, '1553065120', 2, '1'),
(612, 535, 'plan', 4, '1553065611', 2, '1'),
(613, 579, 'plan', 2, '1553065691', 2, '1'),
(614, 579, 'plan', 4, '1553066002', 2, '1'),
(615, 488, 'plan', 2, '1553066351', 2, '1'),
(616, 488, 'plan', 4, '1553066848', 2, '1'),
(617, 464, 'plan', 2, '1553067107', 2, '1'),
(618, 464, 'plan', 4, '1553067580', 2, '1'),
(619, 470, 'plan', 2, '1553067601', 2, '1'),
(620, 470, 'plan', 4, '1553068217', 2, '1'),
(621, 532, 'plan', 2, '1553068218', 2, '1'),
(622, 532, 'plan', 3, '1553068228', 2, '1'),
(623, 547, 'plan', 2, '1553068246', 2, '1'),
(624, 532, 'plan', 2, '1553068651', 2, '1'),
(625, 618, 'plan', 2, '1553069080', 2, '1'),
(626, 547, 'plan', 4, '1553069343', 2, '1'),
(627, 462, 'plan', 4, '1553069553', 2, '1'),
(628, 478, 'plan', 2, '1553069573', 2, '1'),
(629, 618, 'plan', 4, '1553070151', 2, '1'),
(630, 532, 'plan', 4, '1553070157', 2, '1'),
(631, 478, 'plan', 4, '1553070572', 2, '1'),
(632, 575, 'plan', 2, '1553070828', 2, '1'),
(633, 575, 'plan', 4, '1553071666', 2, '1'),
(634, 552, 'plan', 2, '1553071859', 2, '1'),
(635, 505, 'plan', 2, '1553072550', 2, '1'),
(636, 552, 'plan', 4, '1553073498', 2, '1'),
(637, 505, 'plan', 4, '1553073812', 2, '1'),
(638, 501, 'plan', 2, '1553073831', 2, '1'),
(639, 501, 'plan', 4, '1553074454', 2, '1'),
(640, 526, 'plan', 2, '1553074479', 2, '1'),
(641, 612, 'plan', 2, '1553074492', 2, '1'),
(642, 526, 'plan', 4, '1553075385', 2, '1'),
(643, 612, 'plan', 4, '1553076578', 2, '1'),
(644, 580, 'plan', 2, '1553079927', 2, '1'),
(645, 580, 'plan', 4, '1553080357', 2, '1'),
(646, 536, 'plan', 2, '1553080380', 2, '1'),
(647, 536, 'plan', 4, '1553081055', 2, '1'),
(648, 489, 'plan', 2, '1553081073', 2, '1'),
(649, 489, 'plan', 4, '1553081516', 2, '1'),
(650, 548, 'plan', 2, '1553081539', 2, '1'),
(651, 548, 'plan', 4, '1553082863', 2, '1'),
(652, 502, 'plan', 2, '1553082929', 2, '1'),
(653, 502, 'plan', 4, '1553083863', 2, '1'),
(654, 471, 'plan', 2, '1553083890', 2, '1'),
(655, 471, 'plan', 4, '1553084819', 2, '1'),
(656, 495, 'plan', 2, '1553084917', 2, '1'),
(657, 495, 'plan', 4, '1553086128', 2, '1'),
(658, 53, 'unplan', 2, '1553086253', 2, '1'),
(659, 59, 'unplan', 1, '1553088078', 0, '1'),
(660, 60, 'unplan', 1, '1553088088', 0, '1'),
(661, 59, 'unplan', 2, '1553088120', 2, '1'),
(662, 52, 'unplan', 2, '1553088143', 2, '1'),
(663, 59, 'unplan', 4, '1553088257', 2, '1'),
(664, 52, 'unplan', 4, '1553088272', 2, '1'),
(665, 60, 'unplan', 2, '1553088294', 2, '1'),
(666, 460, 'plan', 2, '1553088500', 2, '1'),
(667, 460, 'plan', 4, '1553089018', 2, '1'),
(668, 53, 'unplan', 4, '1553089135', 2, '1'),
(669, 60, 'unplan', 4, '1553089144', 2, '1'),
(670, 616, 'plan', 2, '1553090571', 2, '1'),
(671, 560, 'plan', 2, '1553090591', 2, '1'),
(672, 616, 'plan', 4, '1553091168', 2, '1'),
(673, 560, 'plan', 4, '1553091486', 2, '1'),
(674, 613, 'plan', 2, '1553091503', 2, '1'),
(675, 557, 'plan', 2, '1553091522', 2, '1'),
(676, 613, 'plan', 4, '1553092702', 2, '1'),
(677, 557, 'plan', 4, '1553092708', 2, '1'),
(678, 492, 'plan', 2, '1553092870', 2, '1'),
(679, 492, 'plan', 4, '1553093693', 2, '1'),
(680, 572, 'plan', 2, '1553093711', 2, '1'),
(681, 572, 'plan', 4, '1553095455', 2, '1'),
(682, 593, 'plan', 2, '1553149880', 3, '1'),
(683, 597, 'plan', 2, '1553149885', 3, '1'),
(684, 624, 'plan', 2, '1553149886', 3, '1'),
(685, 624, 'plan', 3, '1553149891', 3, '1'),
(686, 62, 'unplan', 2, '1553150029', 2, '1'),
(687, 593, 'plan', 4, '1553150450', 3, '1'),
(688, 597, 'plan', 4, '1553150456', 3, '1'),
(689, 586, 'plan', 2, '1553150464', 3, '1'),
(690, 589, 'plan', 2, '1553150477', 3, '1'),
(691, 586, 'plan', 4, '1553150691', 3, '1'),
(692, 589, 'plan', 4, '1553150699', 3, '1'),
(693, 606, 'plan', 2, '1553150709', 3, '1'),
(694, 604, 'plan', 2, '1553150712', 3, '1'),
(695, 602, 'plan', 2, '1553150718', 3, '1'),
(696, 606, 'plan', 4, '1553151804', 3, '1'),
(697, 604, 'plan', 4, '1553151809', 3, '1'),
(698, 602, 'plan', 4, '1553151814', 3, '1'),
(699, 624, 'plan', 2, '1553151824', 3, '1'),
(700, 622, 'plan', 2, '1553151827', 3, '1'),
(701, 620, 'plan', 2, '1553151830', 3, '1'),
(702, 41, 'unplan', 4, '1553151958', 0, '1'),
(703, 44, 'unplan', 4, '1553151969', 0, '1'),
(704, 45, 'unplan', 4, '1553152009', 0, '1'),
(705, 48, 'unplan', 4, '1553152064', 0, '1'),
(706, 49, 'unplan', 4, '1553152078', 0, '1'),
(707, 368, 'plan', 4, '1553152131', 0, '1'),
(708, 371, 'plan', 4, '1553152138', 0, '1'),
(709, 376, 'plan', 4, '1553152146', 0, '1'),
(710, 620, 'plan', 4, '1553152490', 3, '1'),
(711, 624, 'plan', 4, '1553152495', 3, '1'),
(712, 622, 'plan', 4, '1553152501', 3, '1'),
(713, 640, 'plan', 2, '1553152599', 3, '1'),
(714, 638, 'plan', 2, '1553152605', 3, '1'),
(715, 640, 'plan', 4, '1553152809', 3, '1'),
(716, 638, 'plan', 4, '1553152815', 3, '1'),
(717, 634, 'plan', 2, '1553152828', 3, '1'),
(718, 631, 'plan', 2, '1553152833', 3, '1'),
(719, 629, 'plan', 2, '1553152836', 3, '1'),
(720, 634, 'plan', 4, '1553154112', 3, '1'),
(721, 631, 'plan', 4, '1553154120', 3, '1'),
(722, 629, 'plan', 4, '1553154125', 3, '1'),
(723, 350, 'plan', 2, '1553154147', 3, '1'),
(724, 62, 'unplan', 4, '1553154621', 2, '1'),
(725, 28, 'unplan', 2, '1553154773', 2, '1'),
(726, 55, 'unplan', 2, '1553154894', 2, '1'),
(727, 56, 'unplan', 2, '1553154961', 2, '1'),
(728, 55, 'unplan', 4, '1553160150', 2, '1'),
(729, 28, 'unplan', 4, '1553160158', 2, '1'),
(730, 382, 'plan', 4, '1553161795', 0, '1'),
(731, 383, 'plan', 4, '1553161801', 0, '1'),
(732, 401, 'plan', 4, '1553161809', 0, '1'),
(733, 56, 'unplan', 4, '1553162195', 0, '1'),
(734, 350, 'plan', 3, '1553162492', 0, '1'),
(735, 350, 'plan', 2, '1553164158', 3, '1'),
(736, 625, 'plan', 2, '1553165927', 2, '1'),
(737, 623, 'plan', 2, '1553165930', 2, '1'),
(738, 625, 'plan', 4, '1553167344', 2, '1'),
(739, 623, 'plan', 4, '1553167757', 2, '1'),
(740, 621, 'plan', 2, '1553167768', 2, '1'),
(741, 621, 'plan', 4, '1553168138', 2, '1'),
(742, 626, 'plan', 2, '1553168147', 2, '1'),
(743, 350, 'plan', 4, '1553168901', 3, '1'),
(744, 412, 'plan', 2, '1553168950', 3, '1'),
(745, 412, 'plan', 4, '1553168970', 3, '1'),
(746, 626, 'plan', 4, '1553169104', 2, '1'),
(747, 641, 'plan', 2, '1553169131', 2, '1'),
(748, 627, 'plan', 2, '1553169173', 3, '1'),
(749, 627, 'plan', 4, '1553169446', 3, '1'),
(750, 346, 'plan', 2, '1553169657', 3, '1'),
(751, 632, 'plan', 2, '1553169772', 2, '1'),
(752, 635, 'plan', 2, '1553169790', 2, '1'),
(753, 641, 'plan', 4, '1553170096', 2, '1'),
(754, 346, 'plan', 3, '1553170556', 3, '1'),
(755, 619, 'plan', 2, '1553170561', 3, '1'),
(756, 619, 'plan', 4, '1553171748', 3, '1'),
(757, 346, 'plan', 2, '1553171759', 3, '1'),
(758, 632, 'plan', 4, '1553172956', 2, '1'),
(759, 635, 'plan', 4, '1553172971', 2, '1'),
(760, 607, 'plan', 2, '1553172981', 2, '1'),
(761, 603, 'plan', 2, '1553173022', 2, '1'),
(762, 346, 'plan', 4, '1553174242', 3, '1'),
(763, 459, 'plan', 2, '1553174266', 3, '1'),
(764, 459, 'plan', 4, '1553174273', 3, '1'),
(765, 467, 'plan', 2, '1553174312', 3, '1'),
(766, 468, 'plan', 2, '1553174318', 3, '1'),
(767, 468, 'plan', 4, '1553174335', 3, '1'),
(768, 467, 'plan', 4, '1553174342', 3, '1'),
(769, 403, 'plan', 2, '1553174443', 3, '1'),
(770, 403, 'plan', 4, '1553174448', 3, '1'),
(771, 405, 'plan', 2, '1553174457', 3, '1'),
(772, 405, 'plan', 4, '1553174462', 3, '1'),
(773, 525, 'plan', 2, '1553174495', 3, '1'),
(774, 529, 'plan', 2, '1553174505', 3, '1'),
(775, 531, 'plan', 2, '1553174508', 3, '1'),
(776, 559, 'plan', 2, '1553174517', 3, '1'),
(777, 561, 'plan', 2, '1553174543', 3, '1'),
(778, 555, 'plan', 2, '1553174548', 3, '1'),
(779, 525, 'plan', 4, '1553174554', 3, '1'),
(780, 529, 'plan', 4, '1553174561', 3, '1'),
(781, 531, 'plan', 4, '1553174566', 3, '1'),
(782, 555, 'plan', 4, '1553174571', 3, '1'),
(783, 559, 'plan', 4, '1553174575', 3, '1'),
(784, 561, 'plan', 4, '1553174581', 3, '1'),
(785, 574, 'plan', 2, '1553174593', 3, '1'),
(786, 617, 'plan', 2, '1553174602', 3, '1'),
(787, 611, 'plan', 2, '1553174605', 3, '1'),
(788, 615, 'plan', 2, '1553174608', 3, '1'),
(789, 574, 'plan', 4, '1553174618', 3, '1'),
(790, 611, 'plan', 4, '1553174621', 3, '1'),
(791, 615, 'plan', 4, '1553174624', 3, '1'),
(792, 617, 'plan', 4, '1553174627', 3, '1'),
(793, 496, 'plan', 2, '1553174645', 3, '1'),
(794, 494, 'plan', 2, '1553174648', 3, '1'),
(795, 494, 'plan', 4, '1553174654', 3, '1'),
(796, 496, 'plan', 4, '1553174663', 3, '1'),
(797, 571, 'plan', 2, '1553174672', 3, '1'),
(798, 571, 'plan', 4, '1553174675', 3, '1'),
(799, 40, 'unplan', 2, '1553174805', 3, '1'),
(800, 42, 'unplan', 2, '1553174810', 3, '1'),
(801, 47, 'unplan', 2, '1553174815', 3, '1'),
(802, 54, 'unplan', 2, '1553174831', 3, '1'),
(803, 40, 'unplan', 4, '1553174837', 3, '1'),
(804, 42, 'unplan', 4, '1553174843', 3, '1'),
(805, 47, 'unplan', 4, '1553174852', 3, '1'),
(806, 54, 'unplan', 4, '1553174861', 3, '1'),
(807, 607, 'plan', 4, '1553175342', 2, '1'),
(808, 614, 'plan', 2, '1553175358', 3, '1'),
(809, 598, 'plan', 2, '1553175374', 2, '1'),
(810, 603, 'plan', 4, '1553175381', 2, '1'),
(811, 598, 'plan', 4, '1553175893', 2, '1'),
(812, 614, 'plan', 4, '1553175895', 3, '1'),
(813, 528, 'plan', 2, '1553175904', 3, '1'),
(814, 528, 'plan', 4, '1553176287', 3, '1'),
(815, 524, 'plan', 2, '1553176301', 3, '1'),
(816, 590, 'plan', 2, '1553176352', 2, '1'),
(817, 590, 'plan', 4, '1553177266', 2, '1'),
(818, 594, 'plan', 2, '1553177324', 2, '1'),
(819, 524, 'plan', 3, '1553177411', 3, '1'),
(820, 554, 'plan', 2, '1553177796', 3, '1'),
(821, 594, 'plan', 4, '1553177802', 2, '1'),
(822, 554, 'plan', 4, '1553178879', 3, '1'),
(823, 524, 'plan', 2, '1553178900', 3, '1'),
(824, 524, 'plan', 4, '1553179051', 3, '1'),
(825, 610, 'plan', 2, '1553179124', 3, '1'),
(826, 610, 'plan', 4, '1553179133', 3, '1'),
(827, 466, 'plan', 2, '1553179243', 3, '1'),
(828, 472, 'plan', 2, '1553179255', 3, '1'),
(829, 479, 'plan', 2, '1553179260', 3, '1'),
(830, 490, 'plan', 2, '1553179273', 3, '1'),
(831, 499, 'plan', 2, '1553179286', 3, '1'),
(832, 558, 'plan', 2, '1553179308', 3, '1'),
(833, 503, 'plan', 2, '1553179311', 3, '1'),
(834, 466, 'plan', 4, '1553179349', 3, '1'),
(835, 472, 'plan', 4, '1553179354', 3, '1'),
(836, 479, 'plan', 4, '1553179360', 3, '1'),
(837, 558, 'plan', 4, '1553179365', 3, '1'),
(838, 503, 'plan', 4, '1553179371', 3, '1'),
(839, 499, 'plan', 4, '1553179376', 3, '1'),
(840, 490, 'plan', 4, '1553179380', 3, '1'),
(841, 476, 'plan', 2, '1553179406', 3, '1'),
(842, 482, 'plan', 2, '1553179412', 3, '1'),
(843, 476, 'plan', 4, '1553179448', 3, '1'),
(844, 482, 'plan', 4, '1553179455', 3, '1'),
(845, 576, 'plan', 2, '1553179655', 3, '1'),
(846, 576, 'plan', 4, '1553179749', 3, '1');

-- --------------------------------------------------------

--
-- Структура таблицы `order_action_unplan`
--

CREATE TABLE `order_action_unplan` (
  `id` int(11) NOT NULL,
  `id_order` int(11) NOT NULL,
  `qty` int(11) NOT NULL,
  `state` tinyint(3) NOT NULL,
  `prod_symbol` varchar(100) NOT NULL,
  `prod_name` varchar(100) NOT NULL,
  `action_name` varchar(255) NOT NULL,
  `time_start` varchar(100) NOT NULL,
  `time_end` varchar(100) NOT NULL,
  `time_manufac` varchar(100) NOT NULL,
  `id_worker` int(11) NOT NULL,
  `note` text NOT NULL,
  `status` enum('0','1') NOT NULL DEFAULT '1'
) ENGINE=MyISAM DEFAULT CHARSET=utf8;

--
-- Дамп данных таблицы `order_action_unplan`
--

INSERT INTO `order_action_unplan` (`id`, `id_order`, `qty`, `state`, `prod_symbol`, `prod_name`, `action_name`, `time_start`, `time_end`, `time_manufac`, `id_worker`, `note`, `status`) VALUES
(1, 26, 1, 4, 'Гильза', 'АДВ 25', 'Порезка заготовки', '1551797088', '1551797121', '5', 2, '', '1'),
(2, 26, 1, 4, 'Шток', 'АДВ 25', 'Порезка заготовки', '1551797093', '1551797123', '5', 2, '', '1'),
(3, 26, 1, 4, 'Гильза', 'АДВ 25', 'Ток. обработка на УН', '1551797108', '1551797125', '15', 2, '', '1'),
(4, 26, 1, 4, 'Шток', 'АДВ 25', 'Ток. обработка на ЧПУ', '1551797126', '1551797129', '15', 2, '2 стороны', '1'),
(5, 26, 1, 4, 'Гильза', 'АДВ 25', 'Слесарные операции', '1551797127', '1551797131', '15', 2, '', '1'),
(6, 26, 1, 4, 'Шток', 'АДВ 25', 'Фрезерование', '1551796284', '1551796293', '8', 3, '', '1'),
(7, 30, 1, 4, 'Шток', '08', 'Порезка заготовки', '1551872227', '1551872229', '5', 2, '', '1'),
(8, 30, 1, 4, 'Шток', '8', 'Ток. обработка на ЧПУ', '1551872230', '1551872233', '5', 2, '', '1'),
(9, 30, 1, 4, 'MAL-ROD-8', 'Шток', 'Фрезерование', '1551872220', '1551872225', '5', 2, '', '1'),
(10, 30, 1, 4, 'MAL-ROD-8', 'Шток', 'Ток. обработка на УН', '1551872200', '1551872204', '15', 2, '', '1'),
(11, 34, 2, 4, 'Пила', 'Пайка', 'Пайка пилы', '1551870132', '1551871361', '20', 3, '', '1'),
(12, 34, 2, 1, 'Пила', 'Пайка', 'Пайка пилы', '', '', '20', 0, '', '0'),
(13, 36, 3, 4, 'SC-TR-H-10', 'Шпилька 10мм', 'Порезка заготовки', '1552308316', '1552308319', '15', 2, '', '1'),
(14, 36, 3, 4, 'SC-TR-H-10', 'Шпилька 10мм', 'Ток. обработка на ЧПУ', '1552310206', '1552310210', '20', 2, '', '1'),
(15, 38, 1, 1, 'Шкаф', '', 'Слесарные операции', '', '', '90', 0, '', '1'),
(16, 38, 1, 1, 'Шкаф', '', 'Сборочные операции', '', '', '90', 0, '', '1'),
(17, 42, 22, 4, 'У Борисовны есть переходники для РАТОВ', 'переходники', 'Слесарные операции', '1552302039', '1552302049', '20', 3, '', '1'),
(18, 48, 3, 4, 'AF 0186/R фільтр з картріджем', 'фильтр ', 'Сборочные операции', '1552302029', '1552303123', '5', 3, '', '1'),
(19, 49, 2, 4, 'Крышка передняя', 'Крышка передняя', 'Порезка заготовки', '1552644106', '1552645564', '5', 3, '', '1'),
(20, 49, 2, 4, 'Крышка передняя', 'Крышка передняя', 'Ток. обработка на УН', '', '', '20', 0, '', '1'),
(21, 49, 2, 4, 'Крышка передняя', 'Крышка передняя', 'Слесарные операции', '1552908971', '1552912979', '20', 3, '', '1'),
(22, 49, 1, 4, 'Поршень', 'Поршень', 'Порезка заготовки', '1552644131', '1552645550', '5', 3, '', '1'),
(23, 49, 1, 4, 'Поршень', 'Поршень', 'Ток. обработка на УН', '', '', '20', 0, '', '1'),
(24, 49, 2, 1, 'Втулка', 'Втулка', 'Ток. обработка на УН', '', '', '15', 0, 'Втулка в переднюю крышку', '1'),
(25, 49, 2, 1, 'Втулка', 'Втулка', 'Сборочные операции', '', '', '5', 0, 'Запресовка', '1'),
(26, 49, 1, 4, 'SC-SC-80X200-S', 'SC-SC-80X200-S', 'Сборочные операции', '1552913007', '1552914639', '5', 3, '', '1'),
(27, 50, 1, 4, 'центральная крышка', 'центральная крышка', 'Порезка заготовки', '1552308350', '1552308356', '2', 2, '', '1'),
(28, 50, 1, 4, 'центральная крышка', 'центральная крышка', 'Ток. обработка на ЧПУ', '1553154773', '1553160158', '25', 2, '', '1'),
(29, 50, 1, 1, 'центральная крышка', 'центральная крышка', 'Слесарные операции', '', '', '20', 0, '', '1'),
(30, 54, 20, 4, 'SF-Z2520 1/8-M5-U', 'SF-Z2520 1/8-M5-U', 'Фрезерование', '1552371044', '1552373063', '20', 3, '', '1'),
(31, 54, 20, 4, 'SF-Z2520 1/8-M5-U', 'SF-Z2520 1/8-M5-U', 'Слесарные операции', '1552373073', '1552374411', '20', 3, '', '1'),
(32, 55, 2, 4, 'центральная крышка', 'центральная крышка', 'Порезка заготовки', '1552384189', '1552385165', '7', 3, '', '1'),
(33, 55, 2, 4, 'центральная крышка', 'центральная крышка', 'Ток. обработка на УН', '', '', '60', 0, '', '1'),
(34, 55, 2, 4, 'центральная крышка', 'центральная крышка', 'Фрезерование', '', '', '15', 0, '', '1'),
(35, 55, 2, 4, 'центральная крышка', 'центральная крышка', 'Слесарные операции', '1552484518', '1552488890', '15', 3, '', '1'),
(36, 55, 2, 4, 'Поршень', 'Поршень', 'Порезка заготовки', '1552383900', '1552385171', '7', 3, '', '1'),
(37, 55, 2, 4, 'Поршень', 'Поршень', 'Ток. обработка на УН', '', '', '50', 0, '', '1'),
(38, 36, 2, 4, 'BLW135CR', 'BLW135CR', 'Слесарные операции', '1552387569', '1552391276', '20', 3, '', '1'),
(39, 30, 1, 4, 'MAL-ROD-8', 'Шток', 'Сборочные операции', '1552458210', '1552552420', '15', 3, 'Ремонт пневмоцилиндра мал 20-150 с заменой штока и ремкомплекта\r\n', '1'),
(40, 58, 2, 4, 'Поршень', 'Поршень', 'Порезка заготовки', '1553174805', '1553174837', '8', 3, '', '1'),
(41, 58, 2, 4, 'Поршень', 'Поршень', 'Ток. обработка на УН', '', '', '60', 0, 'Кариков Василий', '1'),
(42, 58, 2, 4, 'Крышка передняя', 'Крышка передняя', 'Порезка заготовки', '1553174810', '1553174843', '30', 3, '', '1'),
(43, 58, 0, 1, 'Крышка передняя', 'Крышка передняя', '', '', '', '', 0, '', '0'),
(44, 58, 2, 4, 'Крышка передняя', 'Крышка передняя', 'Ток. обработка на УН', '', '', '30', 0, 'Кариков Василий', '1'),
(45, 58, 2, 4, 'Крышка передняя', 'Крышка передняя', 'Ток. обработка на УН', '', '', '60', 0, 'Кариков Василий', '1'),
(46, 58, 2, 1, 'Крышка передняя', 'Крышка передняя', 'Слесарные операции', '', '', '40', 0, '', '1'),
(47, 58, 2, 4, 'Крышка задняя', 'Крышка задняя', 'Порезка заготовки', '1553174815', '1553174852', '20', 3, '', '1'),
(48, 58, 2, 4, 'Крышка задняя', 'Крышка задняя', 'Ток. обработка на УН', '', '', '60', 0, 'Кариков Василий', '1'),
(49, 58, 2, 4, 'Крышка задняя', 'Крышка задняя', 'Фрезерование', '', '', '15', 0, 'Кариков Василий', '1'),
(50, 58, 2, 1, 'Крышка задняя', 'Крышка задняя', 'Слесарные операции', '', '', '40', 0, '', '1'),
(51, 68, 2, 4, 'Пайка пилы', 'пилы', 'Пайка пилы', '1552635182', '1552636349', '40', 3, '', '1'),
(52, 70, 2, 4, 'SC-SDA-25', 'Пневмоцилиндр', 'Порезка заготовки МС 10', '1553088143', '1553088272', '2', 2, '', '1'),
(53, 70, 2, 4, 'SC-SDA-25', 'Пневмоцилиндр', 'Ток. обработка на УН мс 10', '1553086253', '1553089135', '15', 2, '', '1'),
(54, 74, 1, 4, 'центральная крышка', 'центральная крышка', 'Порезка заготовки', '1553174831', '1553174861', '3', 3, '', '1'),
(55, 74, 1, 4, 'центральная крышка', 'центральная крышка', 'Обработка на ЧПУ', '1553154894', '1553160150', '30', 2, '', '1'),
(56, 74, 1, 4, 'центральная крышка', 'центральная крышка', 'Ток. обработка на УН', '1553154961', '1553162195', '10', 2, '', '1'),
(57, 74, 1, 1, 'центральная крышка', 'центральная крышка', 'Фрезерование', '', '', '10', 0, '', '1'),
(58, 74, 1, 1, 'центральная крышка', 'центральная крышка', 'Слесарные операции', '', '', '20', 0, '', '1'),
(59, 70, 2, 4, 'SC-SDA-20', 'Гильза 8', 'Порезка заготовки', '1553088120', '1553088257', '2', 2, '', '1'),
(60, 70, 2, 4, 'SC-SDA-20', 'Гильза 8', 'Ток. обработка на УН', '1553088294', '1553089144', '5', 2, '', '1'),
(61, 5, 10, 4, 'SC-SE/SR-TCB-80-U', 'SC-SE/SR-TCB-80-U', 'Ток. обработка на УН', '1552987378', '1552988213', '20', 2, 'Торцовка и сверловка в бронзе', '1'),
(62, 89, 1, 4, 'Втулка', 'Втулка', 'Ток. обработка на УН', '1553150029', '1553154621', '20', 2, '', '1');

-- --------------------------------------------------------

--
-- Структура таблицы `order_content`
--

CREATE TABLE `order_content` (
  `id` int(11) NOT NULL,
  `id_prod` int(11) NOT NULL,
  `quantity` int(11) NOT NULL,
  `id_order` int(11) NOT NULL,
  `status` enum('1','2') NOT NULL DEFAULT '1'
) ENGINE=MyISAM DEFAULT CHARSET=utf8;

--
-- Дамп данных таблицы `order_content`
--

INSERT INTO `order_content` (`id`, `id_prod`, `quantity`, `id_order`, `status`) VALUES
(1, 50, 2, 1, '1'),
(2, 145, 2, 2, '1'),
(3, 172, 1, 4, '1'),
(4, 143, 3, 6, '1'),
(5, 4, 2, 7, '1'),
(6, 4, 1, 8, '1'),
(7, 185, 1, 3, '1'),
(8, 172, 1, 5, '1'),
(9, 172, 2, 5, '1'),
(10, 112, 1, 5, '1'),
(11, 113, 1, 5, '1'),
(12, 90, 2, 11, '1'),
(13, 90, 2, 11, '1'),
(14, 198, 1, 11, '1'),
(15, 75, 1, 11, '1'),
(16, 199, 1, 12, '1'),
(17, 76, 1, 13, '1'),
(18, 17, 1, 4, '1'),
(19, 172, 1, 4, '1'),
(20, 4, 2, 14, '1'),
(21, 185, 1, 16, '1'),
(22, 86, 1, 15, '1'),
(23, 109, 1, 17, '1'),
(24, 204, 20, 19, '1'),
(25, 206, 5, 20, ''),
(26, 206, 5, 20, ''),
(27, 206, 5, 20, '1'),
(28, 89, 2, 21, '1'),
(29, 53, 6, 21, '1'),
(30, 86, 3, 22, '1'),
(31, 89, 6, 23, '1'),
(32, 34, 1, 24, '1'),
(33, 199, 1, 25, '1'),
(34, 2, 1, 25, '1'),
(35, 36, 1, 26, '1'),
(36, 37, 1, 26, '1'),
(37, 37, 2, 26, '1'),
(38, 144, 1, 26, '1'),
(39, 3, 3, 27, '1'),
(40, 199, 1, 28, '1'),
(41, 5, 2, 29, '1'),
(42, 115, 2, 30, '1'),
(43, 185, 1, 31, '1'),
(44, 112, 1, 32, '1'),
(45, 204, 30, 33, '1'),
(46, 91, 2, 35, '1'),
(47, 173, 1, 36, '1'),
(48, 17, 3, 37, '1'),
(49, 199, 1, 39, '1'),
(50, 87, 2, 40, '1'),
(51, 234, 2, 41, '1'),
(52, 4, 20, 43, '1'),
(53, 3, 1, 45, '1'),
(54, 91, 1, 44, '1'),
(55, 36, 1, 46, '1'),
(56, 6, 1, 46, ''),
(57, 33, 1, 46, '1'),
(58, 240, 2, 47, '1'),
(59, 27, 4, 49, '1'),
(60, 100, 1, 49, '1'),
(61, 112, 2, 50, '1'),
(62, 113, 1, 51, '1'),
(63, 2, 4, 52, '1'),
(64, 244, 3, 53, '1'),
(65, 89, 4, 55, '1'),
(66, 3, 1, 56, '1'),
(67, 4, 1, 56, '1'),
(68, 52, 8, 57, '1'),
(69, 32, 2, 57, '1'),
(70, 5, 2, 57, '1'),
(71, 99, 2, 58, '1'),
(72, 26, 16, 58, '1'),
(73, 185, 9, 59, '1'),
(74, 253, 1, 60, '1'),
(75, 253, 1, 61, '1'),
(76, 185, 4, 61, '1'),
(77, 89, 4, 61, '1'),
(78, 254, 2, 62, '1'),
(79, 185, 2, 63, '1'),
(80, 51, 2, 64, '1'),
(81, 185, 1, 65, '1'),
(82, 185, 2, 66, '1'),
(83, 88, 1, 67, '1'),
(84, 240, 1, 68, '1'),
(85, 269, 1, 69, '1'),
(86, 51, 2, 70, '1'),
(87, 50, 2, 70, '1'),
(88, 269, 1, 71, ''),
(89, 111, 1, 71, '1'),
(90, 145, 1, 74, '1'),
(91, 269, 2, 74, '1'),
(92, 112, 2, 74, '1'),
(93, 293, 1, 71, ''),
(94, 280, 2, 71, '1'),
(95, 293, 3, 72, '1'),
(96, 194, 1, 73, ''),
(97, 294, 1, 73, '1'),
(98, 112, 2, 75, '1'),
(99, 52, 4, 76, '1'),
(100, 75, 2, 77, '1'),
(101, 294, 1, 78, '1'),
(102, 187, 1, 78, '1'),
(103, 32, 1, 79, '1'),
(104, 35, 1, 80, '1'),
(105, 112, 1, 81, '1'),
(106, 109, 1, 82, '1'),
(107, 344, 1, 83, '1'),
(108, 350, 3, 84, '1'),
(109, 294, 1, 85, '1'),
(110, 440, 2, 86, '1'),
(111, 2, 4, 87, '1'),
(112, 240, 2, 88, '1'),
(113, 185, 1, 90, '1'),
(114, 240, 1, 91, '1'),
(115, 147, 1, 92, '1');

-- --------------------------------------------------------

--
-- Структура таблицы `order_positions`
--

CREATE TABLE `order_positions` (
  `id` int(11) NOT NULL,
  `id_order` int(11) NOT NULL,
  `symbol` varchar(100) NOT NULL,
  `qty` int(5) NOT NULL COMMENT 'quantity',
  `note` varchar(255) NOT NULL,
  `status` enum('0','1') NOT NULL DEFAULT '1'
) ENGINE=MyISAM DEFAULT CHARSET=utf8;

--
-- Дамп данных таблицы `order_positions`
--

INSERT INTO `order_positions` (`id`, `id_order`, `symbol`, `qty`, `note`, `status`) VALUES
(1, 1, 'SC-SDA-20x20-B', 2, '', '1'),
(2, 2, 'SC-ADV-32x15-S', 2, '', '1'),
(3, 3, 'SCBV-Q611-16FC-15-RAT032-ITS100', 8, '', '1'),
(4, 4, 'SC-SWR-80X400-S', 1, '', '1'),
(5, 5, 'SC-SE/SR-TC-80-U', 3, 'Переделать под SR цилиндр(+ фрезеровка)', '1'),
(6, 5, 'SC-SE/SR-TCB-80-U', 3, '3 пары по чертежу SE', '1'),
(7, 5, 'SC-MAL-CM-32x40-S', 1, '', '1'),
(8, 5, 'SC-MAL-CM-40x60-S', 1, '', '1'),
(9, 5, 'SC-SR-80x250-S', 1, '', '1'),
(10, 5, 'SC-SR-80x250-S', 2, '', '1'),
(11, 6, 'SC-ADV-20x5-S', 3, 'Сделать 3штока с наружной резьбой, для этих цилиндров', '1'),
(12, 7, 'SC-SR-63x80-S', 2, '', '1'),
(13, 8, 'SC-SR-63x80-S', 1, '', '1'),
(14, 9, 'SF-Z2520 1/8-M5-U', 20, 'Материал сталь по чертежу', '1'),
(15, 10, '20x30x10,4K51 PU', 8, 'Ущильнення', '1'),
(16, 10, '100x88x8.5 K50 PU', 8, 'Манжета пневматична', '1'),
(17, 11, 'SC-SC-125x160-S', 2, '', '1'),
(18, 11, 'SC-SC-125x250-S', 2, '', '1'),
(19, 11, 'SC-SR-PIPE-125x200', 1, 'SC-SC-125x160-S под него', '1'),
(20, 11, 'SC-SC-KITS-125-PISTON-S', 1, 'SC-SC-125x160-S под него', '1'),
(21, 11, 'SC-ROD-25-C01', 1, 'Шток под SC-SC-125x160-S + гайка', '1'),
(22, 12, 'SA-CU40-15', 8, '', '1'),
(23, 13, 'SC-ROD-30X240', 2, '', '1'),
(24, 14, 'SC-SR-63X300-S', 2, '', '1'),
(25, 15, 'SC-SC-50X600-S', 1, '', '1'),
(26, 16, 'SCBF-D671-16FZ-250-RAT125-DA', 1, '', '1'),
(27, 17, 'SC-MAL-16X150-S', 1, '', '1'),
(28, 19, 'SF-Z2543 1/8-1/4-U', 1, '', '1'),
(29, 20, 'Барабан', 5, '', '1'),
(30, 21, 'SC-SC-100X400-S', 2, '', '1'),
(31, 21, 'SC-SDA-40X30-B', 6, '', '1'),
(32, 22, 'SC-SC-50X100-S', 3, '', '1'),
(33, 23, 'SC-SC-100X260-S', 6, '', '1'),
(34, 24, 'SC-SWE-50X85-S', 1, 'Срочно', '1'),
(35, 25, 'SA-CU20-08', 1, '', '1'),
(36, 25, 'SC-SR-40X50-S', 1, '', '1'),
(37, 26, 'SC-SWE-80X80-S', 1, '', '1'),
(38, 26, 'SC-SWE-100X200-S', 1, '', '1'),
(39, 26, 'SC-SWE-100X60-S', 2, '', '1'),
(40, 26, 'SC-ADV-25X20-S-B', 1, '', '1'),
(41, 27, 'SC-SR-50X50-S', 3, '', '1'),
(42, 28, 'SA-FU40-15', 1, '', '1'),
(43, 29, 'SC-ROD-12-410-C01', 2, 'штока на SR-32X280', '1'),
(44, 30, 'SC-ROD-8X185-C01', 1, '', '1'),
(45, 31, 'SCBF-D671-16FZ-50-RAT052-APL', 1, '', '1'),
(46, 32, 'SC-MAL-32X500-S', 1, '', '1'),
(47, 33, 'SF-Z2601 12-1/2-U', 30, 'Нет материала', '1'),
(48, 34, 'Пайка пилы', 2, '', '1'),
(49, 35, 'SC-SC-160X100-S-C01', 2, '', '1'),
(50, 36, 'SC-SR-100X100-S', 1, '', '1'),
(51, 37, 'SC-ROD-25-C01', 3, '', '1'),
(52, 38, 'SO-BOX-504', 1, '', '1'),
(53, 39, 'SA-WU20-08', 1, 'SA-FU20-08', '1'),
(54, 40, 'SC-SC-63X200-S', 2, '', '1'),
(55, 41, 'SC-SDA-25X5-B', 2, '', '1'),
(56, 42, 'У Борисовны есть переходники для РАТОВ', 22, '', '1'),
(57, 43, 'SC-SR-63X100/530-T2-S-C01', 10, '', '1'),
(58, 44, 'SC-SC-160', 1, '', '1'),
(59, 45, 'SC-SR-50', 1, '', '1'),
(60, 46, 'SC-SE-40X40-S', 1, '', '1'),
(61, 46, 'SC-SE-80X200-S', 1, '', '1'),
(62, 47, 'SC-MS-16X60-S', 2, '', '1'),
(63, 48, 'AF 0186/R фільтр з картріджем', 3, '', '1'),
(64, 49, 'SC-SC-80X200-S', 1, '', '1'),
(65, 50, 'SC-MAL-32X30/10-T2-S', 1, '', '1'),
(66, 51, 'SC-MAL-40X125-S', 1, '', '1'),
(67, 52, 'SC-SR-40X220-S', 4, '', '1'),
(68, 53, 'SC-SDA-100X220', 3, '', '1'),
(69, 54, 'SF-Z2520 1/8-M5-U', 20, 'Снять фаску фрезеровать', '1'),
(70, 55, 'SC-SCT-100X60-S-T2', 2, '', '1'),
(71, 56, 'SC-SR-63X100-S', 1, '', '1'),
(72, 56, 'SC-SR-50X100-S', 1, '', '1'),
(73, 57, 'SC-SED-32X60-S', 2, '', '1'),
(74, 57, 'SC-SDA-32X15-R', 8, '', '1'),
(75, 58, 'SC-SM-63X120', 2, '', '1'),
(76, 59, 'SCBF-D671-16FZ-200-RAT105-DA', 9, '', '1'),
(77, 60, 'SO-BOX-800', 1, '', '1'),
(78, 61, 'SO-BOX-798', 1, '', '1'),
(79, 61, 'SCBF-D671-16FZ-125-RAT083-APL', 2, '', '1'),
(80, 61, 'SCBF-D671-16FZ-300-RAT125-ALP', 1, '', '1'),
(81, 61, 'SCBF-D671-16FZ-50-RAT052-APL', 1, '', '1'),
(82, 61, 'SC-SC-100X250-S', 4, '', '1'),
(83, 62, 'SC-MS-20X100-S', 2, '', '1'),
(84, 64, 'SC-SDA-25X10-S', 2, '', '1'),
(85, 65, 'SCBF-D671-16FP-200-RAT0105-DA', 1, '', '1'),
(86, 66, 'SCBF-D671-16FZ-50-RAT052-DA', 2, '', '1'),
(87, 67, 'SC-SC-80X150-S', 1, '', '1'),
(88, 68, 'SC-MS-16X100-S', 1, '', '1'),
(89, 69, 'SC-MA-25x20', 1, '', '1'),
(90, 70, 'SC-SSA-25X20', 2, '', '1'),
(91, 70, 'SC-SSA-20X20', 2, '', '1'),
(92, 71, 'SC-MAL-25X125-S', 2, '', '1'),
(93, 72, 'SC-SC-125X80-S', 3, '', '1'),
(94, 73, 'SC-SC-160X200-S-C01', 1, '', '1'),
(95, 74, 'SC-ADV-32X80-S', 1, '', '1'),
(96, 74, 'SC-MAL-32X30/10-T2-S', 1, '', '1'),
(97, 74, 'SC-MS-25X40-S', 2, '', '1'),
(98, 75, 'SC-MAL-32X10-S', 2, '', '1'),
(99, 76, 'SC-SDA-32X23', 4, '', '1'),
(100, 77, 'SC-ROD-25X120', 2, '', '1'),
(101, 78, 'SC-SC-160X500-S', 1, '', '1'),
(102, 78, 'SC-SC-160X500-S', 1, '', '1'),
(103, 79, 'SC-SE-32X25-S', 1, '', '1'),
(104, 80, 'SC-SE-63X125-S', 1, '', '1'),
(105, 81, 'SC-MAL-32X80-S', 1, '', '1'),
(106, 82, 'SC-MAL-16X26-S-С01', 1, ' резьбы 20 мм', '1'),
(107, 83, 'SC-SDA-20X25', 1, '', '1'),
(108, 84, 'SC-SWR-100X200-S', 3, '', '1'),
(109, 85, 'SC-SC-160X500-S', 1, '', '1'),
(110, 85, 'SC-SC-160X500-S', 1, '', '1'),
(111, 86, 'SC-SWR-32X50-S', 2, '', '1'),
(112, 87, 'SC-SR-40X100-S', 4, '', '1'),
(113, 88, 'SC-MA-16X30', 2, '', '1'),
(114, 89, 'SC-SE-KITS-63-NBR-C01', 1, 'Втулка на передню крышку', '1'),
(115, 90, 'SCBV-Q611-16FC-50-RAT083', 1, '', '1'),
(116, 91, 'SC-MS-16X150-S', 1, '', '1'),
(117, 92, 'SC-ADV-50X50-S-B', 1, '', '1');

-- --------------------------------------------------------

--
-- Структура таблицы `products`
--

CREATE TABLE `products` (
  `id` int(11) NOT NULL,
  `symbol` varchar(100) NOT NULL,
  `name` varchar(255) NOT NULL,
  `id_parent` int(11) NOT NULL,
  `quantity` int(11) NOT NULL,
  `type` int(11) NOT NULL,
  `number` int(11) NOT NULL,
  `note` text NOT NULL,
  `status` enum('0','1') NOT NULL DEFAULT '1'
) ENGINE=MyISAM DEFAULT CHARSET=utf8;

--
-- Дамп данных таблицы `products`
--

INSERT INTO `products` (`id`, `symbol`, `name`, `id_parent`, `quantity`, `type`, `number`, `note`, `status`) VALUES
(1, 'SC-SR-32', 'Пневмоцилиндр', 14, 1, 2, 0, '', '1'),
(2, 'SC-SR-40', 'Пневмоцилиндр', 14, 1, 2, 0, '', '1'),
(3, 'SC-SR-50', 'Пневмоцилиндр', 14, 1, 2, 0, '', '1'),
(4, 'SC-SR-63', 'Пневмоцилиндр', 14, 1, 2, 0, '', '1'),
(5, 'SR/SE-ROD-12', 'Шток', 16, 1, 4, 0, '', '1'),
(6, 'SR/SE-ROD-16', 'Шток', 16, 1, 4, 1, '', '1'),
(7, 'SR-PIPE-32', 'Гильза', 95, 1, 4, 0, '', '0'),
(8, 'SR-PIPE-40', 'Гильза', 95, 1, 4, 0, '', '1'),
(9, '', 'Продукция', 0, 1, 1, 1, '', '1'),
(10, '', 'Пневмо оборудование', 9, 1, 1, 1, '', '1'),
(11, '', 'Пресса и накатки', 9, 1, 1, 2, '', '1'),
(12, '', 'Пневмоцилиндры', 10, 0, 1, 0, '', '1'),
(13, '', 'Пресс сборочный', 11, 1, 1, 1, 'запчасти', '1'),
(14, '', 'Серия SR', 12, 0, 1, 0, '', '1'),
(47, '', 'Серия SDA', 12, 0, 1, 0, '', '1'),
(48, 'SC-SDA-12', 'Пневмоцилиндр', 47, 1, 3, 1, '', '1'),
(15, 'SR/SE-ROD-20', 'Шток', 16, 1, 4, 0, '', '1'),
(16, '', 'Серия SR/SE', 20, 0, 1, 0, '', '1'),
(17, 'SR/SE-ROD-25', 'Шток', 16, 1, 4, 0, '', '1'),
(18, 'SR/SE-ROD-32', 'Шток', 16, 1, 4, 0, '', '1'),
(19, 'SR/SE-ROD-40', 'Шток', 16, 1, 4, 0, '', '1'),
(20, '', 'Штока', 10, 0, 1, 0, '', '1'),
(21, '', 'Гильзы', 10, 0, 1, 0, '', '1'),
(22, '', 'Шпильки', 10, 0, 1, 0, '', '1'),
(23, '', 'Серия SE', 12, 0, 1, 0, '', '1'),
(24, '', 'Серия SC', 20, 0, 1, 0, '', '1'),
(25, 'SC-TR-H-6', 'Шпилька 6мм', 22, 4, 4, 1, '', '1'),
(26, 'SC-TR-H-8', 'Шпилька 8мм', 22, 4, 4, 1, '', '1'),
(27, 'SC-TR-H-10', 'Шпилька 10мм', 22, 4, 4, 0, '', '1'),
(28, 'SC-TR-H-12', 'Шпилька 12мм', 22, 4, 4, 1, '', '1'),
(29, 'SC-TR-H-16', 'Шпилька 16мм', 22, 4, 4, 1, '', '1'),
(30, 'SC-SR/SE-ROD-12', 'Шток', 16, 1, 4, 0, '', ''),
(31, 'SC-TR-H-6', 'Шпилька 6мм', 1, 1, 4, 0, '', '0'),
(32, 'SC-SE-32', 'Пневмоцилиндр', 23, 1, 2, 0, '', '1'),
(33, 'SC-SE-40', 'Пневмоцилиндр', 23, 1, 2, 0, '', '1'),
(34, 'SC-SE-50', 'Пневмоцилиндр', 23, 1, 2, 0, '', '1'),
(35, 'SC-SE-63', 'Пневмоцилиндр', 23, 1, 2, 0, '', '1'),
(36, 'SC-SE-80', 'Пневмоцилиндр', 23, 1, 2, 0, '', '0'),
(37, 'SC-SE-100 ', 'Пневмоцилиндр', 23, 1, 2, 0, '', '1'),
(38, 'SC-SR/SE-ROD-16', 'Шток', 16, 1, 4, 0, '', ''),
(39, '', 'Серия SE', 21, 1, 0, 0, '', '1'),
(40, 'SE-PIPE-32', 'Гильза', 39, 1, 4, 0, '', '1'),
(41, 'SE-PIPE-40', 'Гильза', 39, 1, 0, 0, '', '1'),
(42, 'SE-PIPE-50', 'Гильза', 39, 1, 4, 0, '', '1'),
(43, 'SE-PIPE-63', 'Гильза', 39, 1, 4, 0, '', '1'),
(44, 'SE-PIPE-80', 'Гильза', 39, 1, 4, 0, '', '1'),
(45, 'SE-PIPE-100', 'Гильза', 39, 1, 4, 0, '', '1'),
(46, 'SC-SE-PIPE-40', 'Гильза', 33, 1, 4, 0, '', '1'),
(49, 'SC-SDA-16', 'Пневмоцилиндр', 47, 1, 0, 0, '', '0'),
(50, 'SC-SDA-20', 'Пневмоцилиндр', 47, 1, 2, 0, '', '0'),
(51, 'SC-SDA-25', 'Пневмоцилиндр', 47, 1, 4, 0, '', '0'),
(52, 'SC-SDA-32', 'Пневмоцилиндр', 47, 1, 4, 0, '', '0'),
(53, 'SC-SDA-40', 'Пневмоцилиндр', 47, 1, 2, 0, '', '0'),
(54, '', 'Серия SDA', 21, 1, 0, 0, '', '1'),
(55, 'SDA-PIPE-12', 'Гильза', 54, 1, 0, 0, '', '1'),
(56, 'SDA-PIPE-16', 'Гильза', 54, 1, 0, 0, '', '1'),
(57, 'SDA-PIPE-20', 'Гильза', 54, 1, 0, 0, '', '1'),
(58, 'SDA-PIPE-25', 'Гильза', 54, 1, 4, 0, '', '1'),
(59, 'SDA-PIPE-32', 'Гильза', 54, 1, 4, 0, '', '1'),
(60, 'SDA-PIPE-40', 'Гильза', 54, 1, 4, 0, '', '1'),
(61, '', 'Серия SDA', 20, 0, 1, 0, '', '1'),
(62, 'SDA-ROD-6', 'Шток', 61, 1, 0, 0, '', '1'),
(63, 'SDA-ROD-8', 'Шток', 61, 1, 0, 0, '', '1'),
(64, 'SDA-ROD-1', 'Шток', 61, 1, 4, 1, '', '0'),
(65, 'SDA-ROD-12', 'Шток', 61, 1, 4, 0, '', '0'),
(66, 'SDA-ROD-16', 'Шток', 61, 1, 4, 0, '', '0'),
(67, 'SDA-ROD-20', 'Шток', 61, 1, 0, 0, '', '1'),
(68, 'SDA-ROD-25', 'Шток', 61, 1, 0, 0, '', '1'),
(69, 'SDA-ROD-32', 'Шток', 61, 1, 4, 0, '', '0'),
(70, 'SDA-ROD-10', 'Шток', 51, 1, 4, 0, '', '1'),
(71, 'SDA-PIPE-25', 'Гильза', 51, 1, 4, 0, '', '1'),
(102, 'SR/SE-ROD-12', 'Шток', 1, 1, 4, 0, '', '1'),
(72, 'SC-ROD-12', 'Шток', 24, 1, 4, 0, 'Внутр. резьба', '1'),
(73, 'SC-ROD-16', 'Шток', 24, 1, 4, 0, 'Внутр. резьба', '1'),
(74, 'SC-ROD-20', 'Шток', 24, 1, 4, 0, 'Внутр. резьба', '1'),
(75, 'SC-ROD-25', 'Шток', 24, 1, 4, 0, 'Внутр. резьба', '1'),
(76, 'SC-ROD-32', 'Шток', 24, 1, 4, 0, 'Внутр. резьба', '1'),
(77, 'SC-ROD-40', 'Шток', 24, 1, 4, 0, 'Внутр. резьба', '1'),
(78, 'SC-ROD-12-B', 'Шток', 24, 1, 4, 0, '', '1'),
(79, 'SC-ROD-16-B', 'Шток', 24, 1, 4, 0, '', '1'),
(80, 'SC-ROD-20-B', 'Шток', 24, 1, 4, 0, '', '1'),
(81, 'SC-ROD-25-B', 'Шток', 24, 1, 4, 0, '', '1'),
(82, 'SC-ROD-32-B', 'Шток', 24, 1, 4, 0, '', '0'),
(83, '', 'Серия SC кра', 12, 1, 1, 1, '', '1'),
(84, 'SC-SC-32', 'Пневмоцилиндр', 83, 1, 0, 0, '', '1'),
(85, 'SC-SC-40', 'Пневмоцилиндр', 83, 1, 0, 0, '', '1'),
(86, 'SC-SC-50', 'Пневмоцилиндр', 83, 1, 2, 0, '', '1'),
(87, 'SC-SC-63-B', 'Пневмоцилиндр', 83, 1, 3, 1, '', '0'),
(88, 'SC-SC-80-B', 'Пневмоцилиндр', 83, 1, 3, 1, '', '0'),
(89, 'SC-SC-100', 'Пневмоцилиндр', 83, 1, 2, 0, '', '1'),
(90, 'SC-SC-125', 'Пневмоцилиндр', 83, 1, 2, 0, '', '1'),
(91, 'SC-SC-160', 'Пневмоцилиндр', 83, 1, 4, 0, '', '0'),
(92, 'SC-SC-200', 'Пневмоцилиндр', 83, 1, 0, 0, '', '1'),
(93, '', 'Серия MAL', 20, 0, 0, 0, '', '1'),
(94, '', 'Серия MA', 20, 0, 4, 0, '', '1'),
(95, '', 'Серия SR', 21, 0, 1, 0, '', '1'),
(96, 'SR-PIPE-32', 'Гильза', 95, 1, 4, 0, '', '1'),
(97, 'SR-PIPE-40', 'Гильза', 2, 1, 4, 0, '', '1'),
(98, 'SR-PIPE-50', 'Гильза', 95, 1, 4, 0, '', '1'),
(99, 'SR-PIPE-63', 'Гильза', 95, 1, 4, 0, '', '1'),
(100, 'SR-PIPE-80', 'Гильза', 95, 1, 4, 0, '', '1'),
(101, 'SR-PIPE-100', 'Гильза', 95, 1, 4, 0, '', '1'),
(103, 'SC-TR-H-6', 'Шпилька 6мм', 1, 4, 4, 0, '', '1'),
(104, 'SR/SE-ROD-16', 'Шток', 2, 1, 4, 0, '', '1'),
(105, 'SC-TR-H-6', 'Шпилька 6мм', 2, 4, 4, 0, '', '1'),
(106, 'SR-PIPE-32', 'Гильза', 1, 1, 4, 0, '', '1'),
(107, '', 'Разное цилиндры', 10, 1, 1, 0, '', '1'),
(108, '', 'Серия MAL', 12, 0, 1, 0, '', '1'),
(109, 'SC-MAL-16', 'Пневмоцилиндр', 108, 1, 3, 0, '', '1'),
(110, 'SC-MAL-20', 'Пневмоцилиндр', 108, 1, 3, 0, '', '1'),
(111, 'SC-MAL-25', 'Пневмоцилиндр', 108, 1, 3, 0, '', '0'),
(112, 'SC-MAL-32', 'Пневмоцилиндр', 108, 1, 3, 0, '', '1'),
(113, 'SC-MAL-40', 'Пневмоцилиндр', 108, 1, 3, 0, '', '1'),
(114, 'MAL-ROD-6', 'Шток', 93, 1, 4, 0, '', '1'),
(115, 'MAL-ROD-8', 'Шток', 93, 1, 4, 0, '', '1'),
(116, 'MAL-ROD-10', 'Шток', 93, 1, 4, 0, '', '1'),
(117, 'MAL-ROD-12', 'Шток', 93, 1, 4, 0, '', '1'),
(118, 'MAL-ROD-16', 'Шток', 93, 1, 4, 0, '', '1'),
(119, '', 'Серия MAL', 21, 1, 1, 0, '', '1'),
(120, 'MAL-PIPE-16', 'Гильза', 119, 1, 4, 0, '', '1'),
(121, 'MAL-PIPE-20', 'Гильза', 119, 1, 4, 0, '', '1'),
(122, 'MAL-PIPE-25', 'Гильза', 119, 1, 4, 0, '', '1'),
(123, 'MAL-PIPE-32', 'Гильза', 119, 1, 4, 0, '', '1'),
(124, 'MAL-PIPE-40', 'Гильза', 119, 1, 4, 0, '', '1'),
(125, 'MAL-ROD-8', 'Шток', 110, 1, 4, 0, '', '1'),
(126, 'MAL-PIPE-20', 'Гильза', 110, 1, 4, 0, '', '1'),
(127, 'MAL-ROD-6', 'Шток', 109, 1, 4, 0, '', '1'),
(128, 'MAL-PIPE-16', 'Гильза', 109, 1, 4, 0, '', '1'),
(129, 'MAL-ROD-16', 'Шток', 113, 1, 4, 0, '', '1'),
(130, 'MAL-PIPE-40', 'Гильза', 113, 1, 4, 0, '', '1'),
(131, '', 'Серия MA/MS', 12, 1, 1, 0, '', '1'),
(132, 'SC-MA-10', 'Пневмоцилиндр', 131, 1, 3, 0, '', '1'),
(133, 'MA-ROD-6', 'Шток', 94, 1, 4, 0, '', '1'),
(134, 'MA/MS-ROD-6', 'Шток', 132, 1, 4, 0, '', '1'),
(135, '', 'Серия MS/MA', 21, 1, 4, 0, '', '0'),
(136, 'MS/MA-PIPE-10', 'Гильза', 135, 1, 4, 0, '', '1'),
(137, 'MS/MA-PIPE-10', 'Гильза', 132, 1, 4, 0, '', '1'),
(138, 'SDA-ROD-8', 'Шток', 50, 1, 4, 0, '', '1'),
(139, 'SDA-PIPE-20', 'Гильза', 50, 1, 4, 0, '', '1'),
(140, '', 'Серия ADV', 12, 0, 1, 0, '', '1'),
(141, 'SC-ADV-12', 'Пневмоцилиндр', 140, 1, 2, 0, '', '1'),
(142, 'SC-ADV-16', 'Пневмоцилиндр', 140, 1, 2, 0, '', '1'),
(143, 'SC-ADV-20', 'Пневмоцилиндр', 140, 1, 2, 0, '', '1'),
(144, 'SC-ADV-25', 'Пневмоцилиндр', 140, 1, 2, 0, '', '1'),
(145, 'SC-ADV-32', 'Пневмоцилиндр', 140, 1, 2, 0, '', '1'),
(146, 'SC-ADV-40', 'Пневмоцилиндр', 140, 1, 2, 0, '', '1'),
(147, 'SC-ADV-50', 'Пневмоцилиндр', 140, 1, 2, 0, '', '1'),
(148, 'SC-ADV-60', 'Пневмоцилиндр', 140, 1, 2, 0, '', '1'),
(149, 'SC-ADV-80', 'Пневмоцилиндр', 140, 1, 2, 0, '', '1'),
(150, 'SC-ADV-100', 'Пневмоцилиндр', 140, 1, 2, 0, '', '1'),
(151, '', 'Серия ADV', 20, 1, 1, 0, '', '1'),
(152, 'ADV-ROD-6', 'Шток', 151, 1, 4, 0, '', '1'),
(153, 'ADV-ROD-8', 'Шток', 151, 1, 4, 0, '', '1'),
(154, 'ADV-ROD-10', 'Шток', 151, 1, 4, 0, '', '1'),
(155, 'ADV-ROD-12', 'Шток', 151, 1, 4, 0, '', '1'),
(156, 'ADV-ROD-16', 'Шток', 151, 1, 4, 0, '', '1'),
(157, 'ADV-ROD-20', 'Шток', 151, 1, 4, 0, '', '1'),
(158, 'ADV-ROD-25', 'Шток', 151, 1, 4, 0, '', '1'),
(159, '', 'Серия ADV', 21, 1, 1, 0, '', '1'),
(160, 'ADV-PIPE-12', 'Гильза', 159, 1, 4, 0, '', '1'),
(161, 'ADV-PIPE-16', 'Гильза', 159, 1, 4, 0, '', '1'),
(162, 'ADV-PIPE-20', 'Гильза', 159, 1, 4, 0, '', '1'),
(163, 'ADV-PIPE-25', 'Гильза', 159, 1, 4, 0, '', '1'),
(164, 'ADV-PIPE-32', 'Гильза', 159, 1, 4, 0, '', '1'),
(165, 'ADV-PIPE-40', 'Гильза', 159, 1, 4, 0, '', '1'),
(166, 'ADV-PIPE-50', 'Гильза', 159, 1, 4, 0, '', '1'),
(167, 'ADV-PIPE-63', 'Гильза', 159, 1, 4, 0, '', '1'),
(168, 'ADV-PIPE-80', 'Гильза', 159, 1, 4, 0, '', '1'),
(169, 'ADV-PIPE-100', 'Гильза', 159, 1, 4, 0, '', '1'),
(170, 'ADV-ROD-12', 'Шток', 145, 1, 4, 0, '', '1'),
(171, 'ADV-PIPE-32', 'Гильза', 145, 1, 4, 0, '', '1'),
(172, 'SC-SR-80', 'Пневмоцилиндр', 14, 1, 2, 0, '', '1'),
(173, 'SC-SR-100', 'Пневмоцилиндр', 14, 1, 2, 0, '', '1'),
(174, 'SC-SR-125', 'Пневмоцилиндр', 14, 1, 2, 0, '', '1'),
(175, 'SR/SE-ROD-25', 'Шток', 172, 1, 4, 0, '', '1'),
(176, 'SR-PIPE-80', 'Гильза', 172, 1, 4, 0, '', '1'),
(177, 'SC-TR-H-10', 'Шпилька 10мм', 172, 4, 4, 0, '', '1'),
(178, 'ADV-ROD-10', 'Шток', 143, 1, 4, 0, '', '1'),
(179, 'ADV-PIPE-20', 'Гильза', 143, 1, 4, 0, '', '1'),
(180, 'SR/SE-ROD-20', 'Шток', 4, 1, 4, 0, '', '1'),
(181, 'SR-PIPE-63', 'Гильза', 4, 1, 4, 0, '', '1'),
(182, 'SC-TR-H-8', 'Шпилька 8мм', 4, 4, 4, 0, '', '1'),
(183, 'MAL-ROD-12', 'Шток', 112, 1, 4, 0, '', '1'),
(184, 'MAL-PIPE-32', 'Гильза', 112, 1, 4, 0, '', '1'),
(185, 'RAT', 'Задвижка', 107, 1, 4, 0, '', '1'),
(186, 'SC-ROD-32', 'Шток', 90, 1, 4, 0, 'Внутр. резьба', '1'),
(187, '', 'Серия SC', 21, 1, 1, 0, '', '1'),
(188, 'SC-PIPE-40', 'Гильза', 187, 1, 4, 0, '', '1'),
(189, 'SC-PIPE-50', 'Гильза', 187, 1, 4, 0, '', '1'),
(190, 'SC-PIPE-63', 'Гильза', 187, 1, 4, 0, '', '1'),
(191, 'SC-PIPE-80', 'Гильза', 187, 1, 4, 0, '', '1'),
(192, 'SC-PIPE-100', 'Гильза', 187, 1, 4, 0, '', '1'),
(193, 'SC-PIPE-125', 'Гильза', 187, 1, 4, 0, '', '1'),
(194, 'SC-PIPE-160', 'Гильза', 187, 1, 4, 0, '', '1'),
(195, 'SC-PIPE-200', 'Гильза', 187, 1, 4, 0, '', '1'),
(196, 'SC-PIPE-125', 'Гильза', 90, 1, 4, 0, '', '1'),
(197, 'SC-TR-H-12', 'Шпилька 12мм', 90, 4, 4, 0, '', '1'),
(198, 'SR-PIPE-125', 'Гильза', 95, 1, 4, 0, '', '1'),
(199, 'SA-CU', 'Блок подготовки воздуха', 107, 1, 2, 0, '', '1'),
(200, 'SC-ROD-20', 'Шток', 86, 1, 4, 0, 'Внутр. резьба', '1'),
(201, 'SC-PIPE-50', 'Гильза', 86, 1, 4, 0, '', '1'),
(202, 'SC-TR-H-6', 'Шпилька 6мм', 86, 4, 4, 0, '', '1'),
(203, '', 'Фитинг', 10, 1, 1, 0, '', '1'),
(204, 'SF-Z2543 1/8-1/4-U', 'Фитинг', 203, 1, 2, 0, '', '1'),
(205, '', 'Прочие', 10, 1, 1, 0, '', '1'),
(206, 'Барабан', 'Барабан', 10, 1, 4, 0, '', '0'),
(207, 'SC-ROD-25', 'Шток', 89, 1, 4, 0, 'Внутр. резьба', '1'),
(208, 'SC-PIPE-100', 'Гильза', 89, 1, 4, 0, '', '1'),
(209, 'SC-TR-H-10', 'Шпилька 10мм', 89, 4, 4, 0, '', '1'),
(210, 'SDA-ROD-16', 'Шток', 53, 1, 4, 0, '', '1'),
(211, 'SDA-PIPE-40', 'Гильза', 53, 1, 4, 0, '', '1'),
(212, 'SE-PIPE-50', 'Гильза', 34, 1, 4, 0, '', '1'),
(213, 'SR/SE-ROD-25', 'Шток', 34, 1, 4, 0, '', '1'),
(214, 'SE-PIPE-80', 'Гильза', 36, 1, 4, 0, '', '1'),
(215, 'SC-ROD-25', 'Шток', 36, 1, 4, 0, 'Внутр. резьба', '1'),
(216, 'ADV-PIPE-25', 'Гильза', 36, 1, 4, 0, '', '0'),
(217, 'SC-ROD-25', 'Шток', 37, 1, 4, 0, 'Внутр. резьба', '1'),
(218, 'SE-PIPE-100', 'Гильза', 37, 1, 4, 0, '', '1'),
(219, 'SR/SE-ROD-20', 'Шток', 3, 1, 4, 0, '', '1'),
(220, 'SC-TR-H-8', 'Шпилька 8мм', 3, 4, 4, 0, '', '1'),
(221, 'SR-PIPE-50', 'Гильза', 3, 1, 4, 0, '', '1'),
(222, 'SC-ROD-40', 'Шток', 91, 1, 4, 0, 'Внутр. резьба', '1'),
(223, 'SC-PIPE-160', 'Гильза', 91, 1, 4, 0, '', '1'),
(224, 'SC-TR-H-16', 'Шпилька 16мм', 91, 4, 4, 0, '', '1'),
(225, 'SR-PIPE-100', 'Гильза', 173, 1, 4, 0, '', '1'),
(226, 'SC-TR-H-10', 'Шпилька 10мм', 173, 4, 4, 0, '', '1'),
(227, 'SR/SE-ROD-25', 'Шток', 173, 1, 4, 0, '', '1'),
(228, 'SC-SR-100', 'Пневмоцилиндр', 173, 1, 2, 0, '', '1'),
(229, 'SR/SE-ROD-25', 'Шток', 173, 1, 4, 0, '', '0'),
(230, 'SA-CU', 'Блок подготовки воздуха', 173, 1, 2, 0, '', '0'),
(231, 'SC-ROD-20', 'Шток', 87, 1, 4, 0, 'Внутр. резьба', '1'),
(232, 'SC-TR-H-8', 'Шпилька 8мм', 87, 4, 4, 0, '', '1'),
(233, 'SR-PIPE-63', 'Гильза', 87, 1, 4, 0, '', '1'),
(234, 'SC-SDA-25-B', 'Пневмоцилиндр', 47, 1, 2, 0, '', '0'),
(235, 'SDA-PIPE-25', 'Гильза', 234, 1, 4, 0, '', '1'),
(236, 'SDA-ROD-10-B', 'Шток с наружной резьбой', 61, 1, 4, 1, '', '0'),
(237, 'SC-SDA-ROD-10-B', 'Шток с наружной резьбой', 234, 1, 4, 0, '', '1'),
(238, 'SC-SE-80', 'Пневмоцилиндр', 234, 1, 2, 0, '', '1'),
(239, 'SR/SE-ROD-16', 'Шток', 33, 1, 4, 0, '', '1'),
(240, 'SC-MS-16X', 'Цилиндр', 131, 1, 3, 0, '', '1'),
(241, 'SC-MS/MA-Pipe-16', 'Гильза', 135, 1, 4, 0, '', '1'),
(242, 'SC-MS/MA-Pipe-16', 'Гильза', 240, 1, 4, 0, '', '1'),
(243, 'MA-ROD-6', 'Шток', 240, 1, 4, 0, '', '1'),
(244, 'SC-SDA-100X', 'Пневмоцилиндр', 47, 1, 2, 0, '', '0'),
(245, 'SDA-PIPE-100', 'Гильза', 54, 1, 4, 0, '', '1'),
(246, 'SDA-PIPE-100', 'Гильза', 244, 1, 4, 0, '', '1'),
(247, 'SDA-ROD-32', 'Шток', 244, 1, 4, 0, '', '1'),
(248, 'SDA-PIPE-32', 'Гильза', 52, 1, 4, 0, '', '1'),
(249, 'SDA-ROD-12', 'Шток', 52, 1, 4, 0, '', '1'),
(250, 'SE-PIPE-32', 'Гильза', 32, 1, 4, 0, '', '1'),
(251, 'SR/SE-ROD-12', 'Шток', 32, 1, 4, 0, '', '1'),
(252, '', 'Шкафы', 10, 1, 1, 0, '', '1'),
(253, 'SO-BOX', 'Шкаф малый', 252, 1, 2, 0, '', '1'),
(254, 'SC-MS-20X', 'Пневмоцилиндр', 131, 1, 3, 0, '', '1'),
(255, 'SC-MS/MA-Pipe-20', '', 135, 1, 4, 0, '', '1'),
(256, 'Серия MS/MA', 'Серия MS/MA', 21, 1, 4, 0, '', '1'),
(257, 'SC-Pepi-MS/MA-10', 'Гильза', 256, 1, 4, 0, '', '1'),
(258, 'SC-Pepi-MS/MA-12', 'Гильза', 256, 1, 4, 0, '', '1'),
(259, 'SC-Pepi-MS/MA-16', 'Гильза', 256, 1, 4, 0, '', '1'),
(260, 'SC-Pepi-MS/MA-20', 'Гильза', 256, 1, 4, 0, '', '1'),
(261, 'SC-Pepi-MS/MA-25', 'Гильза', 256, 1, 4, 0, '', '1'),
(262, 'SC-Pepi-MS/MA-32', 'Гильза', 256, 1, 4, 0, '', '1'),
(263, 'SC-Pepi-MS/MA-20', 'Гильза', 254, 1, 4, 0, '', '1'),
(264, 'MA-ROD-8', 'Шток', 94, 1, 4, 0, '', '1'),
(265, 'MA-ROD-8', 'Шток', 254, 1, 4, 0, '', '1'),
(266, 'SC-TR-H-10', 'Шпилька 10мм', 88, 4, 4, 0, '', '1'),
(267, 'SC-PIPE-80', 'Гильза', 88, 1, 4, 0, '', '1'),
(268, 'SC-ROD-25', 'Шток', 88, 1, 4, 0, 'Внутр. резьба', '1'),
(269, 'SC-MS-25', 'Пневмоцилиндр', 131, 1, 3, 0, '', '1'),
(270, 'SC-Pepi-MS/MA-25', 'Гильза', 88, 1, 4, 0, '', '0'),
(271, 'SC-Pepi-MS/MA-25', 'Гильза', 269, 1, 4, 0, '', '1'),
(272, 'MA-ROD-10', 'Шток', 94, 1, 4, 0, '', '1'),
(273, 'MA-ROD-10', 'Шток', 269, 1, 4, 0, '', '1'),
(274, 'Пайка пилы', 'Пила', 205, 1, 4, 0, '', '1'),
(275, 'MAL-ROD-10', 'Шток', 269, 1, 4, 0, '', '0'),
(276, 'MAL-PIPE-25', 'Гильза', 269, 1, 4, 0, '', '0'),
(277, 'MAL-ROD-10', 'Шток', 269, 1, 4, 0, '', '0'),
(278, 'SC-MAL-25', 'Пневмоцилиндр', 108, 1, 2, 1, '', '1'),
(279, 'SC-MAL-25', 'Пневмоцилиндр', 108, 1, 4, 1, '', '1'),
(280, 'SC-MAL-25', 'Пневмоцилиндр', 108, 1, 3, 1, '', '1'),
(281, 'SC-MAL-25', 'Пневмоцилиндр', 108, 1, 3, 1, '', '0'),
(282, 'GN-05.01.000', 'Пресс', 13, 1, 3, 1, '', '1'),
(283, 'GN-02.02.000', 'Клап-рама', 13, 1, 3, 1, '', '1'),
(284, 'GN-05.00.000', 'Лист', 13, 11, 4, 11, '', '1'),
(285, 'GN-02.03.000', 'Шкаф в сборе', 13, 1, 3, 3, '', '1'),
(286, 'GN-04.00.02.000', 'Кожух в сборе', 13, 1, 3, 4, '', '1'),
(287, 'GN-04.00.03.000', 'Шкаф в сборе', 13, 1, 3, 5, '', '1'),
(288, 'GN-02.01.006', 'Уголок', 13, 1, 4, 12, '', '1'),
(289, 'GN-04.00.002', 'Шпилька', 13, 2, 4, 13, '', '1'),
(290, 'GN-04.00.003', 'Уголок', 13, 1, 4, 14, '', '1'),
(291, 'GN-04.00.004', 'Лист', 13, 1, 4, 15, '', '1'),
(292, 'GN-04.00.006', 'Кронштейн', 13, 1, 4, 16, '', '1'),
(293, 'SC-SC-125-B', 'Пневмоцилиндр', 83, 1, 3, 1, '', '0'),
(294, 'SC-SC-160-B', 'Пневмоцилиндр', 83, 1, 3, 1, '', '0'),
(295, 'SC-ROD-32', 'Шток', 293, 1, 4, 1, 'Внутр. резьба', '1'),
(296, 'SC-PIPE-125', 'Гильза', 293, 1, 4, 1, '', '1'),
(297, 'SC-TR-H-12', 'Шпилька 12мм', 293, 4, 4, 1, '', '1'),
(298, 'MAL-ROD-10', 'Шток', 280, 1, 4, 1, '', '1'),
(299, 'MAL-PIPE-25', 'Гильза', 280, 1, 4, 1, '', '1'),
(300, 'SC-ROD-40', 'Шток', 294, 1, 4, 1, 'Внутр. резьба', '1'),
(301, 'SC-PIPE-160', 'Гильза', 294, 1, 4, 1, '', '1'),
(302, 'SC-TR-H-16', 'Шпилька 16мм', 294, 4, 4, 1, '', '1'),
(303, 'GN-04.00.008', 'Уголок', 13, 1, 4, 17, '', '1'),
(304, '', 'Винт М3х12 ДСТУ ISO 4762 2006', 13, 2, 5, 1, '', '1'),
(305, '', 'Винт М3х16 DIN967', 13, 2, 5, 22, '', '1'),
(306, '', 'Винт М4х12 DIN967', 13, 10, 5, 23, '', '1'),
(307, '', 'Винт М6х20 DIN967', 13, 2, 5, 24, '', '1'),
(308, '', 'Гайка М3 ГОСТ 5916-70', 13, 2, 5, 25, '', '1'),
(309, '', 'Гайка М4 ГОСТ 5916-70', 13, 2, 5, 26, '', '1'),
(310, '', 'Гайка М10 ГОСТ 5916-70', 13, 6, 5, 27, '', '1'),
(311, '', 'Гайка М18 ГОСТ 5916-70', 13, 2, 5, 28, '', '1'),
(312, '', 'Датчик', 13, 1, 6, 31, '', '1'),
(313, '', 'Датчик бесконтактный ТС-18', 13, 1, 6, 32, '', '1'),
(314, '', 'Монитор', 13, 1, 6, 33, '', '1'),
(315, '2SN-DN08-3-8DKR-3-8DKR-90-0-L800', 'Рукав гидравлический', 13, 1, 6, 34, '', '1'),
(316, 'GN-05.01.01.000', 'Корпус в сборе', 282, 1, 3, 1, '', '1'),
(317, 'GN-02.01.02.000', 'Опора', 282, 3, 3, 2, '', '1'),
(318, 'GN-02.01.03.000', 'Рама', 282, 1, 3, 3, '', '1'),
(319, 'GN-02.01.04.000', 'Гидроцилиндр', 282, 2, 3, 4, '', '1'),
(320, 'GN-02.01.06.000', 'Коллектор в сборе', 282, 1, 3, 5, '', '1'),
(321, 'GN-02.01.001', 'Плита', 282, 1, 4, 11, '', '1'),
(322, 'GN-02.01.002', 'Плита', 282, 1, 4, 12, '', '1'),
(323, 'GN-02.01.003', 'Болт', 282, 1, 4, 13, '', '1'),
(324, 'GN-02.01.005', 'Лист', 282, 1, 4, 14, '', '1'),
(325, '', 'Болт М12х55', 282, 4, 5, 21, '', '1'),
(326, 'SE-PIPE-40', 'Гильза', 39, 1, 4, 1, '', '1'),
(327, 'SC-PIPE-32', 'Гильза', 187, 1, 4, 1, '', '1'),
(328, 'SC-PIPE-250', 'Гильза', 187, 1, 4, 1, '', '1'),
(329, 'SE-PIPE-63', 'Гильза', 35, 1, 4, 1, '', '1'),
(330, 'SR/SE-ROD-12', 'Шток', 35, 1, 4, 1, '', '0'),
(331, 'SDA-PIPE-12', 'Гильза', 54, 1, 4, 1, '', '0'),
(332, 'SDA-PIPE-12', 'Гильза', 54, 1, 4, 1, '', '1'),
(333, 'SDA-PIPE-16', 'Гильза', 54, 1, 4, 1, '', '1'),
(334, 'SDA-PIPE-20', 'Гильза', 54, 1, 4, 1, '', '1'),
(335, 'SDA-PIPE-50', 'Гильза', 54, 1, 4, 1, '', '1'),
(336, 'SDA-PIPE-63', 'Гильза', 54, 1, 4, 1, '', '1'),
(337, 'SDA-PIPE-80', 'Гильза', 54, 1, 4, 1, '', '1'),
(338, '', 'Серия SW', 20, 1, 1, 1, 'Внутренняя резьба', '1'),
(339, 'SR/SE-ROD-12', 'Шток', 338, 1, 4, 1, '', '0'),
(340, 'SW-ROD-12', 'Шток', 338, 1, 4, 1, '', '1'),
(341, 'SW-ROD-16', 'Шток', 338, 1, 4, 1, '', '1'),
(342, 'SW-ROD-20', 'Шток', 338, 1, 4, 1, '', '1'),
(343, 'SW-ROD-25', 'Шток', 338, 1, 4, 1, '', '1'),
(344, 'SC-SDA-20', 'Пневмоцилиндр', 47, 1, 3, 1, '', '0'),
(345, 'SDA-PIPE-20', 'Гильза', 344, 1, 4, 1, '', '1'),
(346, 'SDA-ROD-8', 'Шток', 61, 1, 4, 1, '', '0'),
(347, 'SDA-ROD-8', 'Шток', 61, 1, 3, 1, '', '0'),
(348, 'SDA-ROD-8', 'Шток', 344, 1, 4, 1, '', '1'),
(349, 'Певмоцилиндр', 'Серия SWR', 12, 1, 3, 1, '', '1'),
(350, 'SC-SWR-100', 'Пневмоцилиндр', 349, 1, 3, 1, '', '1'),
(351, 'SC-TR-H-10', 'Шпилька 10мм', 350, 4, 4, 1, '', '1'),
(352, 'SR-PIPE-100', 'Гильза', 350, 1, 4, 1, '', '1'),
(353, 'SW-ROD-25', 'Шток', 350, 1, 4, 1, '', '1'),
(354, 'SR/SE-ROD-20', 'Шток', 35, 1, 4, 1, '', '1'),
(355, 'MA-ROD-4', 'Шток', 94, 1, 4, 1, '', '1'),
(356, 'MA-ROD-12', 'Шток', 94, 1, 4, 1, '', '1'),
(357, 'Пневмоцилиндр', 'Серия SC син', 12, 1, 3, 1, '', '1'),
(358, 'SC-SC-32', 'Пневмоцилиндр', 357, 1, 3, 1, '', '1'),
(359, 'SC-PIPE-32', 'Гильза', 357, 1, 4, 1, '', '0'),
(360, 'SC-TR-H-6', 'Шпилька 6мм', 357, 4, 4, 1, '', '0'),
(361, 'SC-ROD-12', 'Шток', 357, 1, 4, 1, 'Внутр. резьба', '0'),
(362, 'SC-TR-H-6', 'Шпилька 6мм', 358, 4, 4, 1, '', '1'),
(363, 'SC-PIPE-32', 'Гильза', 358, 1, 4, 1, '', '1'),
(364, 'SC-ROD-12', 'Шток', 358, 1, 4, 1, 'Внутр. резьба', '1'),
(365, 'SC-SC-40', 'Пневмоцилиндр', 357, 1, 3, 1, '', '1'),
(366, 'SC-PIPE-40', 'Гильза', 365, 1, 4, 1, '', '1'),
(367, 'SC-TR-H-6', 'Шпилька 6мм', 365, 4, 4, 1, '', '1'),
(368, 'SC-ROD-16', 'Шток', 365, 1, 4, 1, 'Внутр. резьба', '1'),
(369, 'SC-SC-50', 'Пневмоцилиндр', 357, 1, 3, 1, '', '1'),
(370, 'SC-TR-H-6', 'Шпилька 6мм', 369, 4, 4, 1, '', '1'),
(371, 'SC-PIPE-50', 'Гильза', 369, 1, 4, 1, '', '1'),
(372, 'SC-ROD-20', 'Шток', 369, 1, 4, 1, 'Внутр. резьба', '1'),
(373, 'SC-SC-63', 'Пневмоцилиндр', 357, 1, 3, 1, '', '1'),
(374, 'SC-TR-H-8', 'Шпилька 8мм', 373, 4, 4, 1, '', '1'),
(375, 'SC-ROD-20', 'Шток', 373, 1, 4, 1, 'Внутр. резьба', '1'),
(376, 'SC-PIPE-63', 'Гильза', 373, 1, 4, 1, '', '1'),
(377, 'SC-SC-80', 'Пневмоцилиндр', 357, 1, 3, 1, '', '1'),
(378, 'SC-TR-H-10', 'Шпилька 10мм', 377, 4, 4, 1, '', '1'),
(379, 'SC-PIPE-80', 'Гильза', 377, 1, 4, 1, '', '1'),
(380, 'SC-ROD-25', 'Шток', 377, 1, 4, 1, 'Внутр. резьба', '1'),
(381, 'SC-SC-100', 'Пневмоцилиндр', 377, 1, 3, 1, '', '0'),
(382, 'SC-SC-100', 'Пневмоцилиндр', 357, 1, 3, 1, '', '1'),
(383, 'SC-ROD-25', 'Шток', 382, 1, 4, 1, 'Внутр. резьба', '1'),
(384, 'SC-TR-H-10', 'Шпилька 10мм', 382, 4, 4, 1, '', '1'),
(385, 'SC-PIPE-100', 'Гильза', 382, 1, 4, 1, '', '1'),
(386, 'SC-SC-125', 'Пневмоцилиндр', 357, 1, 3, 1, '', '1'),
(387, 'SC-ROD-32', 'Шток', 386, 1, 4, 1, 'Внутр. резьба', '1'),
(388, 'SC-TR-H-12', 'Шпилька 12мм', 386, 4, 4, 1, '', '1'),
(389, 'SC-PIPE-125', 'Гильза', 386, 1, 4, 1, '', '1'),
(390, 'SC-SC-160', 'Пневмоцилиндр', 357, 1, 3, 1, '', '1'),
(391, 'SC-PIPE-125', 'Гильза', 390, 1, 4, 1, '', '0'),
(392, 'SC-TR-H-16', 'Шпилька 16мм', 390, 4, 4, 1, '', '1'),
(393, 'SC-PIPE-160', 'Гильза', 390, 1, 4, 1, '', '1'),
(394, 'SC-ROD-40', 'Шток', 390, 1, 4, 1, 'Внутр. резьба', '1'),
(395, 'SC-SC-200', 'Пневмоцилиндр', 357, 1, 3, 1, '', '1'),
(396, 'SC-TR-H-16', 'Шпилька 16мм', 395, 4, 4, 1, '', '1'),
(397, 'SC-ROD-40', 'Шток', 395, 1, 4, 1, 'Внутр. резьба', '1'),
(398, 'SC-PIPE-200', 'Гильза', 395, 1, 4, 1, '', '1'),
(399, 'SC-SC-32-B', 'Пневмоцилиндр', 83, 1, 3, 1, '', '1'),
(400, 'SC-ROD-12-B', 'Шток', 399, 1, 4, 1, '', '1'),
(401, 'SC-PIPE-32', 'Гильза', 399, 1, 4, 1, '', '1'),
(402, 'SC-TR-H-6', 'Шпилька 6мм', 399, 4, 4, 1, '', '1'),
(403, 'SC-SC-40-B', 'Пневмоцилиндр', 83, 1, 3, 1, '', '1'),
(404, 'SC-PIPE-40', 'Гильза', 403, 1, 4, 1, '', '1'),
(405, 'SC-TR-H-6', 'Шпилька 6мм', 403, 4, 4, 1, '', '1'),
(406, 'SC-ROD-16-B', 'Шток', 403, 1, 4, 1, '', '1'),
(407, 'SC-SC-50-B', 'Пневмоцилиндр', 83, 1, 3, 1, '', '1'),
(408, 'SC-PIPE-50', 'Гильза', 407, 1, 4, 1, '', '1'),
(409, 'SC-TR-H-6', 'Шпилька 6мм', 407, 4, 4, 1, '', '1'),
(410, 'SC-ROD-20-B', 'Шток', 407, 1, 4, 1, '', '1'),
(411, 'SC-SC-63-B', 'Пневмоцилиндр', 83, 1, 3, 1, '', '1'),
(412, 'SC-TR-H-8', 'Шпилька 8мм', 411, 4, 4, 1, '', '1'),
(413, 'SC-PIPE-63', 'Гильза', 411, 1, 4, 1, '', '1'),
(414, 'SC-ROD-20-B', 'Шток', 411, 1, 4, 1, '', '1'),
(415, 'SC-SC-80-B', 'Пневмоцилиндр', 83, 1, 3, 1, '', '1'),
(416, 'SC-TR-H-10', 'Шпилька 10мм', 415, 4, 4, 1, '', '1'),
(417, 'SC-ROD-25-B', 'Шток', 415, 1, 4, 1, '', '1'),
(418, 'SC-PIPE-80', 'Гильза', 415, 1, 4, 1, '', '1'),
(419, 'SC-SC-100-B', 'Пневмоцилиндр', 83, 1, 3, 1, '', '1'),
(420, 'SC-TR-H-10', 'Шпилька 10мм', 419, 4, 4, 1, '', '1'),
(421, 'SC-PIPE-100', 'Гильза', 419, 1, 4, 1, '', '1'),
(422, 'SC-PIPE-100', 'Гильза', 419, 1, 4, 1, '', '0'),
(423, 'SC-ROD-25-B', 'Шток', 419, 1, 4, 1, '', '1'),
(424, 'SC-SWR-80', 'Пневмоцилиндр', 349, 1, 3, 1, '', '1'),
(425, 'SC-TR-H-10', 'Шпилька 10мм', 424, 4, 4, 1, '', '1'),
(426, 'SR-PIPE-80', 'Гильза', 424, 1, 4, 1, '', '1'),
(427, 'SW-ROD-25', 'Шток', 424, 1, 4, 1, '', '1'),
(428, 'SC-SWR-63', 'Пневмоцилиндр', 349, 1, 3, 1, '', '1'),
(429, 'SR-PIPE-63', 'Гильза', 428, 1, 4, 1, '', '1'),
(430, 'SC-TR-H-8', 'Шпилька 8мм', 428, 4, 4, 1, '', '1'),
(431, 'SW-ROD-20', 'Шток', 428, 1, 4, 1, '', '1'),
(432, 'SC-SWR-50', 'Пневмоцилиндр', 349, 1, 3, 1, '', '1'),
(433, 'SC-TR-H-8', 'Шпилька 8мм', 432, 4, 4, 1, '', '1'),
(434, 'SR-PIPE-50', 'Гильза', 432, 1, 4, 1, '', '1'),
(435, 'SW-ROD-20', 'Шток', 432, 1, 4, 1, '', '1'),
(436, 'SC-SWR-40', 'Пневмоцилиндр', 349, 1, 3, 1, '', '1'),
(437, 'SC-TR-H-6', 'Шпилька 6мм', 436, 4, 4, 1, '', '1'),
(438, 'SR-PIPE-40', 'Гильза', 436, 1, 4, 1, '', '1'),
(439, 'SW-ROD-16', 'Шток', 436, 1, 4, 1, '', '1'),
(440, 'SC-SWR-32', 'Пневмоцилиндр', 349, 1, 3, 1, '', '1'),
(441, 'SR-PIPE-32', 'Гильза', 440, 1, 4, 1, '', '1'),
(442, 'SC-TR-H-6', 'Шпилька 6мм', 440, 4, 4, 1, '', '1'),
(443, 'SW-ROD-12', 'Шток', 440, 1, 4, 1, '', '1'),
(444, 'Пневмоцилиндр', 'Серия SWE', 12, 1, 1, 1, '', '0'),
(445, 'Пневмоцилиндр', 'Серия SWE', 12, 1, 1, 1, '', '1'),
(446, 'SC-SWE-32', 'Пневмоцилиндр', 445, 1, 3, 1, '', '1'),
(447, 'SC-SWE-40', 'Пневмоцилиндр', 445, 1, 3, 1, '', '1'),
(448, 'SC-SWE-50', 'Пневмоцилиндр', 445, 1, 3, 1, '', '1'),
(449, 'SC-SWE-63', 'Пневмоцилиндр', 445, 1, 3, 1, '', '1'),
(450, 'SC-SWE-80', 'Пневмоцилиндр', 445, 1, 3, 1, '', '1'),
(451, 'SC-SWE-100', 'Пневмоцилиндр', 445, 1, 3, 1, '', '1'),
(452, 'SE-PIPE-32', 'Гильза', 446, 1, 4, 1, '', '1'),
(453, 'SW-ROD-12', 'Шток', 446, 1, 4, 1, '', '1'),
(454, 'SE-PIPE-40', 'Гильза', 447, 1, 4, 1, '', '1'),
(455, 'SW-ROD-16', 'Шток', 447, 1, 4, 1, '', '1'),
(456, 'SE-PIPE-50', 'Гильза', 448, 1, 4, 1, '', '1'),
(457, 'SW-ROD-20', 'Шток', 448, 1, 4, 1, '', '1'),
(458, 'SE-PIPE-63', 'Гильза', 449, 1, 4, 1, '', '1'),
(459, 'SW-ROD-20', 'Шток', 449, 1, 4, 1, '', '1'),
(460, 'SE-PIPE-80', 'Гильза', 450, 1, 4, 1, '', '1'),
(461, 'SW-ROD-25', 'Шток', 450, 1, 4, 1, '', '1'),
(462, 'SE-PIPE-100', 'Гильза', 451, 1, 4, 1, '', '1'),
(463, 'SW-ROD-25', 'Шток', 451, 1, 4, 1, '', '1'),
(464, 'SC-TR-H-12', 'Шпилька 12мм', 174, 4, 4, 1, '', '1'),
(465, 'SR/SE-ROD-32', 'Шток', 174, 1, 4, 1, '', '1'),
(466, 'SR-PIPE-125', 'Гильза', 174, 1, 4, 1, '', '1'),
(467, 'SR/SE-ROD-50', 'Шток', 16, 1, 4, 1, '', '1'),
(468, 'Пневмоцилиндр', 'Серия SG', 12, 1, 1, 1, '', '1'),
(469, 'SC-SG-160', 'Пневмоцилиндр', 468, 1, 3, 1, '', '1'),
(470, 'SC-SG-200', 'Пневмоцилиндр', 468, 1, 3, 1, '', '1'),
(471, 'SC-SG-250', 'Пневмоцилиндр', 468, 1, 3, 1, '', '1'),
(472, 'SC-TR-H-16', 'Шпилька 16мм', 469, 4, 4, 1, '', '1'),
(473, 'SC-PIPE-160', 'Гильза', 469, 1, 4, 1, '', '1'),
(474, 'SR/SE-ROD-40', 'Шток', 469, 1, 4, 1, '', '1'),
(475, 'SC-TR-H-16', 'Шпилька 16мм', 470, 4, 4, 1, '', '1'),
(476, 'SC-PIPE-200', 'Гильза', 470, 1, 4, 1, '', '1'),
(477, 'SR/SE-ROD-40', 'Шток', 470, 1, 4, 1, '', '1'),
(478, 'Пруток стальной', 'Шпилька 20мм', 22, 4, 4, 1, '', '1'),
(479, 'Пруток стальной', 'Шпилька 20мм', 471, 4, 4, 1, '', '1'),
(480, 'SC-PIPE-250', 'Гильза', 471, 1, 4, 1, '', '1'),
(481, 'SR/SE-ROD-50', 'Шток', 471, 1, 4, 1, '', '1'),
(482, 'Пневмоцилиндр', 'SC-SE-100', 23, 1, 1, 1, '', '0'),
(483, 'SC-SE-80', 'Пневмоцилиндр', 23, 1, 2, 1, '', '1'),
(484, 'SDA-ROD-6', 'Шток', 61, 1, 4, 1, 'Внутренняя резьба', '1'),
(485, 'SDA-ROD-8', 'Шток', 61, 1, 4, 1, 'Внутренняя резьба', '1'),
(486, 'SDA-ROD-10', 'Шток', 61, 1, 4, 1, 'Внутренняя резьба', '1'),
(487, 'SDA-ROD-12', 'Шток', 61, 1, 4, 1, 'Внутренняя резьба', '1'),
(488, 'SDA-ROD-16', 'Шток', 61, 1, 4, 1, 'Внутренняя резьба', '1'),
(489, 'SDA-ROD-20', 'Шток', 61, 1, 4, 1, 'Внутренняя резьба', '1'),
(490, 'SDA-ROD-25', 'Шток', 61, 1, 4, 1, 'Внутренняя резьба', '1'),
(491, 'SDA-ROD-32', 'Шток', 61, 1, 4, 1, 'Внутренняя резьба', '1'),
(492, 'Серия SDA-B', 'Шток', 61, 1, 1, 1, '', '0'),
(493, 'Шток', 'Серия SDA-B', 20, 1, 1, 1, 'Наружная резьба', '1'),
(494, 'SDA-ROD-6-B', 'Шток', 493, 1, 4, 1, '', '1'),
(495, 'SDA-ROD-8-B', 'Шток', 493, 1, 4, 1, '', '1'),
(496, 'SDA-ROD-10-B', 'Шток', 493, 1, 4, 1, '', '1'),
(497, 'SDA-ROD-12-B', 'Шток', 493, 1, 4, 1, '', '1'),
(498, 'SDA-ROD-16-B', 'Шток', 493, 1, 4, 1, '', '1'),
(499, 'SDA-ROD-20-B', 'Шток', 493, 1, 4, 1, '', '1'),
(500, 'SDA-ROD-25-B', 'Шток', 493, 1, 4, 1, '', '1'),
(501, 'SDA-ROD-32-B', 'Шток', 493, 1, 4, 1, '', '1'),
(502, 'SDA-ROD-6', 'Шток', 471, 1, 4, 1, 'Внутренняя резьба', '0'),
(503, 'SC-SDA', 'Пневмоцилиндр', 47, 1, 1, 1, '', '0'),
(504, 'SDA-ROD-6', 'Шток', 48, 1, 4, 1, 'Внутренняя резьба', '1'),
(505, 'SDA-PIPE-12', 'Гильза', 48, 1, 4, 1, '', '1'),
(506, 'SC-SDA-12-B', 'Пневмоцилиндр', 47, 1, 3, 1, '', '1'),
(507, 'SDA-ROD-6-B', 'Шток', 506, 1, 4, 1, '', '1'),
(508, 'SDA-PIPE-12', 'Гильза', 506, 1, 4, 1, '', '1'),
(509, 'SC-SDA-16', 'Пневмоцилиндр', 47, 1, 3, 1, '', '1'),
(510, 'SDA-PIPE-16', 'Гильза', 509, 1, 4, 1, '', '1'),
(511, 'SDA-ROD-6', 'Шток', 509, 1, 4, 1, 'Внутренняя резьба', '1'),
(512, 'SC-SDA-16-B', 'Пневмоцилиндр', 47, 1, 3, 1, '', '1'),
(513, 'SDA-PIPE-16', 'Гильза', 512, 1, 4, 1, '', '1'),
(514, 'SDA-ROD-6-B', 'Шток', 512, 1, 4, 1, '', '1'),
(515, 'ADV-PIPE-50', 'Гильза', 147, 1, 4, 1, '', '1'),
(516, 'SDA-ROD-16-B', 'Шток', 147, 1, 4, 1, '', '1'),
(517, 'SC-SDA-20', 'Пневмоцилиндр', 47, 1, 3, 1, '', '1'),
(518, 'SDA-PIPE-20', 'Гильза', 517, 1, 4, 1, '', '1'),
(519, 'SDA-ROD-8', 'Шток', 517, 1, 4, 1, 'Внутренняя резьба', '1'),
(520, 'SC-SDA-20-B', 'Пневмоцилиндр', 47, 1, 3, 1, '', '1'),
(521, 'SDA-PIPE-25', 'Гильза', 520, 1, 4, 1, '', '0'),
(522, 'SDA-ROD-10', 'Шток', 520, 1, 4, 1, 'Внутренняя резьба', '0'),
(523, 'SDA-ROD-10-B', 'Шток', 520, 1, 4, 1, '', '0'),
(524, 'SDA-ROD-10-B', 'Шток', 520, 1, 4, 1, '', '0'),
(525, 'SDA-ROD-8-B', 'Шток', 520, 1, 4, 1, '', '1'),
(526, 'SDA-PIPE-20', 'Гильза', 520, 1, 4, 1, '', '1'),
(527, 'SC-SDA-25', 'Пневмоцилиндр', 47, 1, 3, 1, '', '1'),
(528, 'SDA-PIPE-25', 'Гильза', 527, 1, 4, 1, '', '1'),
(529, 'SDA-ROD-10', 'Шток', 527, 1, 4, 1, 'Внутренняя резьба', '1'),
(530, 'SC-SDA-25-B', 'Пневмоцилиндр', 47, 1, 3, 1, '', '1'),
(531, 'SC-SDA-25-B', 'Пневмоцилиндр', 527, 1, 3, 1, '', '0'),
(532, 'SDA-PIPE-25', 'Гильза', 530, 1, 4, 1, '', '1'),
(533, 'SDA-ROD-10-B', 'Шток', 530, 1, 4, 1, '', '1');

-- --------------------------------------------------------

--
-- Структура таблицы `product_actions`
--

CREATE TABLE `product_actions` (
  `id` int(11) NOT NULL,
  `symbol` varchar(100) NOT NULL COMMENT 'symbol product',
  `id_data` int(10) NOT NULL COMMENT 'id data_actions',
  `number` tinyint(3) NOT NULL,
  `time_prod` varchar(100) NOT NULL,
  `time_prepar` varchar(100) NOT NULL,
  `note` text NOT NULL,
  `status` enum('0','1') NOT NULL DEFAULT '1'
) ENGINE=MyISAM DEFAULT CHARSET=utf8 ROW_FORMAT=DYNAMIC;

--
-- Дамп данных таблицы `product_actions`
--

INSERT INTO `product_actions` (`id`, `symbol`, `id_data`, `number`, `time_prod`, `time_prepar`, `note`, `status`) VALUES
(1, 'SR/SE-ROD-12', 1, 1, '2', '1', '', '1'),
(2, 'SR/SE-ROD-12', 3, 1, '7', '1', '', '0'),
(3, 'SC-TR-H-6', 1, 1, '1.5', '1', '', '1'),
(4, 'SC-TR-H-6', 3, 2, '2,5', '1', '', '0'),
(5, 'SC-TR-H-6', 3, 2, '5', '1', '', '1'),
(6, 'SR/SE-ROD-12', 3, 2, '7', '1', '', '0'),
(7, 'SR/SE-ROD-12', 3, 2, '7', '1', '', '0'),
(8, 'SR/SE-ROD-12', 3, 2, '12', '1', '', '1'),
(9, 'SR-PIPE-32', 1, 1, '2', '1', '', '1'),
(10, 'SR-PIPE-32', 2, 2, '10', '1', '', '1'),
(11, 'SC-SR-32', 6, 1, '19', '', '', '1'),
(12, 'SR/SE-ROD-12', 4, 3, '5', '1', '', '1'),
(13, 'MAL-ROD-8', 1, 1, '3', '1', '', '1'),
(14, 'MAL-ROD-8', 3, 2, '6', '1', '', '1'),
(15, 'MAL-ROD-8', 2, 3, '10', '1', '', '1'),
(16, 'MAL-ROD-8', 4, 4, '5', '1', '', '1'),
(17, 'MAL-PIPE-20', 1, 1, '3', '1', '', '1'),
(18, 'MAL-PIPE-20', 3, 2, '15', '2', '', '1'),
(19, 'SC-MAL-16', 6, 1, '19', '', '', '1'),
(20, 'SC-MAL-20', 6, 1, '19', '1', '', '1'),
(21, 'MAL-ROD-16', 1, 1, '3', '1', '', '1'),
(22, 'MAL-ROD-16', 3, 2, '7', '1', '', '1'),
(23, 'MAL-ROD-16', 2, 3, '10', '1', '', '1'),
(24, 'MAL-ROD-16', 4, 4, '5', '1', '', '1'),
(25, 'MAL-PIPE-40', 1, 1, '3', '1', '', '1'),
(26, 'MAL-PIPE-40', 3, 2, '20', '5', '', '1'),
(27, 'SC-MAL-40', 6, 1, '19', '10', '', '1'),
(28, 'MA/MS-ROD-6', 1, 1, '3', '1', '', '1'),
(29, 'MA/MS-ROD-6', 3, 1, '6', '1', '', '1'),
(30, 'MS/MA-PIPE-10', 1, 1, '3', '1', '', '1'),
(31, 'MS/MA-PIPE-10', 2, 1, '8', '1', '', '1'),
(32, 'SC-MA-10', 6, 1, '12', '', '', '1'),
(33, 'SDA-ROD-8', 1, 1, '3', '1', '', '1'),
(34, 'SDA-ROD-8', 2, 3, '15', '5', '', '1'),
(35, 'SDA-ROD-8', 4, 4, '5', '1', '', '1'),
(36, 'SDA-PIPE-20', 1, 1, '3', '1', '', '0'),
(37, 'SDA-PIPE-20', 2, 2, '30', '1', '', '0'),
(38, 'SDA-PIPE-20', 5, 3, '20', '', '', '0'),
(39, 'SC-SDA-20', 6, 1, '19', '5', '', '1'),
(40, 'ADV-ROD-12', 1, 1, '3', '1', '', '1'),
(41, 'ADV-ROD-12', 3, 2, '7', '1', '', '1'),
(42, 'ADV-ROD-12', 2, 3, '14', '1', '', '1'),
(43, 'ADV-ROD-12', 4, 4, '6', '1', '', '1'),
(44, 'ADV-PIPE-32', 1, 1, '3', '1', '', '1'),
(45, 'ADV-PIPE-32', 2, 2, '15', '5', '', '1'),
(46, 'ADV-PIPE-32', 5, 3, '10', '5', '', '1'),
(47, 'SC-ADV-32', 6, 1, '19', '', '', '1'),
(48, 'SC-SR-80', 6, 1, '19', '2', '', '1'),
(49, 'SR/SE-ROD-25', 1, 1, '3', '1', '', '1'),
(50, 'SR/SE-ROD-25', 3, 2, '10', '1', '', '1'),
(51, 'SR/SE-ROD-25', 4, 3, '6', '1', '', '1'),
(52, 'SR-PIPE-80', 1, 1, '3', '1', '', '1'),
(53, 'SR-PIPE-80', 2, 1, '15', '5', '', '1'),
(54, 'SC-TR-H-10', 1, 1, '2', '1', '', '1'),
(55, 'SC-TR-H-10', 3, 2, '5', '1', '', '1'),
(56, 'SC-ADV-20', 6, 1, '19', '', '', '1'),
(57, 'ADV-ROD-10', 1, 1, '3', '1', '', '1'),
(58, 'ADV-ROD-10', 3, 2, '6', '1', '', '1'),
(59, 'ADV-ROD-10', 2, 3, '7', '1', '', '1'),
(60, 'ADV-ROD-10', 4, 4, '5', '1', '', '1'),
(61, 'ADV-PIPE-20', 1, 1, '3', '1', '', '1'),
(62, 'ADV-PIPE-20', 2, 2, '15', '1', '', '1'),
(63, 'ADV-PIPE-20', 5, 3, '10', '5', '', '1'),
(64, 'SC-SR-63', 6, 1, '19', '5', '', '1'),
(65, 'SR/SE-ROD-20', 1, 1, '3', '1', '', '1'),
(66, 'SR/SE-ROD-20', 3, 2, '10', '1', '', '1'),
(67, 'SR/SE-ROD-20', 4, 3, '5', '1', '', '1'),
(68, 'SR-PIPE-63', 1, 1, '3', '1', '', '1'),
(69, 'SR-PIPE-63', 2, 2, '15', '5', '', '1'),
(70, 'SR-PIPE-63', 4, 3, '5', '1', '', '0'),
(71, 'SC-TR-H-8', 1, 1, '2', '1', '', '1'),
(72, 'SC-TR-H-8', 3, 2, '5', '1', '', '1'),
(73, 'SC-MAL-32', 6, 1, '19', '5', '', '1'),
(74, 'MAL-ROD-12', 1, 1, '3', '1', '', '1'),
(75, 'MAL-ROD-12', 3, 2, '6', '1', '', '1'),
(76, 'MAL-ROD-12', 2, 2, '10', '1', '', '1'),
(77, 'MAL-ROD-12', 4, 4, '5', '1', '', '1'),
(78, 'MAL-PIPE-32', 1, 1, '3', '1', '', '1'),
(79, 'MAL-PIPE-32', 3, 2, '20', '5', '', '1'),
(80, 'RAT', 6, 1, '15', '5', '', '1'),
(81, 'SC-SC-125', 6, 1, '22', '5', '', '1'),
(82, 'SC-ROD-32', 1, 1, '3', '1', '', '1'),
(83, 'SC-ROD-32', 3, 2, '8', '1', '', '0'),
(84, 'SC-ROD-32', 3, 3, '12', '1', '', '1'),
(85, 'SC-ROD-32', 4, 4, '6', '1', '', '1'),
(86, 'SC-PIPE-125', 1, 1, '3', '1', '', '1'),
(87, 'SC-PIPE-125', 2, 2, '20', '5', '', '1'),
(88, 'SC-TR-H-12', 1, 1, '2', '1', '', '1'),
(89, 'SC-TR-H-12', 3, 2, '5', '1', '', '1'),
(90, 'SR-PIPE-125', 1, 1, '3', '1', '', '1'),
(91, 'SR-PIPE-125', 2, 2, '20', '5', '', '1'),
(92, 'SC-ROD-25', 1, 1, '3', '1', '', '1'),
(93, 'SC-ROD-25', 3, 2, '8', '1', '', '1'),
(94, 'SC-ROD-25', 2, 3, '8', '1', '', '1'),
(95, 'SC-ROD-25', 4, 4, '6', '1', '', '1'),
(96, 'SA-CU', 6, 1, '10', '', '', '1'),
(97, 'SC-ROD-32', 2, 3, '10', '1', '', '1'),
(98, 'SC-ROD-20', 1, 1, '3', '1', '', '1'),
(99, 'SC-ROD-20', 3, 2, '7', '4', '', '1'),
(100, 'SC-ROD-20', 2, 3, '10', '1', '', '1'),
(101, 'SC-ROD-20', 4, 5, '5', '1', '', '1'),
(102, 'SC-PIPE-50', 1, 1, '3', '1', '', '1'),
(103, 'SC-PIPE-50', 2, 2, '15', '5', '', '1'),
(104, 'SC-SC-50', 6, 1, '19', '', '', '1'),
(105, 'SR/SE-ROD-20', 3, 2, '7', '1', '', '0'),
(106, 'SF-Z2543 1/8-1/4-U', 1, 1, '1', '1', '', '1'),
(107, 'SF-Z2543 1/8-1/4-U', 2, 2, '25', '4', '', '1'),
(108, 'Барабан', 2, 1, '15', '5', '', '1'),
(109, 'SC-PIPE-100', 1, 1, '4', '1', '', '1'),
(110, 'SC-PIPE-100', 2, 2, '15', '5', '', '1'),
(111, 'SC-SC-100', 6, 1, '22', '5', '', '1'),
(112, 'SDA-ROD-16', 1, 1, '3', '1', '', '1'),
(113, 'SDA-ROD-16', 3, 2, '7', '1', '', '1'),
(114, 'SDA-ROD-16', 2, 3, '14', '1', '', '1'),
(115, 'SDA-ROD-16', 4, 4, '6', '1', '', '1'),
(116, 'SDA-PIPE-40', 1, 1, '3', '1', '', '1'),
(117, 'SDA-PIPE-40', 0, 2, '40', '1', '', '0'),
(118, 'SDA-PIPE-40', 2, 2, '7', '5', '', '1'),
(119, 'SC-SDA-40', 6, 1, '18', '', '', '1'),
(120, 'SC-SE-50', 6, 1, '19', '1', '', '1'),
(121, 'SE-PIPE-50', 1, 1, '2', '1', '', '1'),
(122, 'SE-PIPE-50', 2, 2, '10', '5', '', '1'),
(123, 'SE-PIPE-50', 5, 4, '18', '5', '', '1'),
(124, 'SR-PIPE-40', 1, 1, '3', '1', '', '1'),
(125, 'SR-PIPE-40', 3, 2, '7', '1', '', '0'),
(126, 'SE-PIPE-80', 1, 1, '5', '1', '', '1'),
(127, 'SE-PIPE-80', 2, 2, '10', '5', '', '1'),
(128, 'SR-PIPE-40', 2, 2, '10', '1', '', '1'),
(129, 'SE-PIPE-80', 5, 3, '20', '5', '', '1'),
(130, 'SR/SE-ROD-16', 1, 1, '3', '1', '', '1'),
(131, 'SR/SE-ROD-16', 3, 2, '15', '1', '', '1'),
(132, 'SR/SE-ROD-16', 4, 3, '5', '1', '', '1'),
(133, 'SC-SR-40', 6, 10, '19', '10', '', '1'),
(134, 'SC-ADV-25', 6, 1, '20', '4', '', '1'),
(135, 'ADV-PIPE-25', 1, 1, '2', '1', '', '1'),
(136, 'ADV-PIPE-25', 2, 2, '10', '2', '', '1'),
(137, 'ADV-PIPE-25', 5, 3, '10', '5', '', '1'),
(138, 'SE-PIPE-100', 1, 1, '5', '2', '', '1'),
(139, 'SE-PIPE-100', 2, 2, '17', '5', '', '1'),
(140, 'SE-PIPE-100', 5, 3, '20', '5', '', '1'),
(141, 'SC-SE-100 ', 6, 1, '22', '', '', '1'),
(142, 'SC-SE-80', 6, 1, '22', '5', '', '1'),
(143, 'SC-SR-50', 6, 1, '15', '5', '', '1'),
(144, 'SR-PIPE-50', 1, 1, '2', '1', '', '1'),
(145, 'SR-PIPE-50', 2, 2, '15', '5', '', '1'),
(146, 'SC-TR-H-16', 1, 1, '2', '1', '', '1'),
(147, 'SC-TR-H-16', 3, 2, '7', '2', '', '1'),
(148, 'SC-ROD-40', 1, 1, '4', '1', '', '1'),
(149, 'SC-ROD-40', 3, 2, '15', '1', '', '1'),
(150, 'SC-ROD-40', 2, 3, '15', '5', '', '1'),
(151, 'SC-ROD-40', 4, 4, '5', '3', '', '1'),
(152, 'SC-PIPE-160', 1, 1, '7', '2', '', '1'),
(153, 'SC-PIPE-160', 2, 2, '20', '10', '', '1'),
(154, 'SC-SC-160', 6, 9, '25', '5', '', '1'),
(155, 'SC-SR-100', 6, 9, '15', '7', '', '1'),
(156, 'SR-PIPE-100', 1, 1, '4', '1', '', '1'),
(157, 'SR-PIPE-100', 2, 2, '15', '5', '', '1'),
(158, 'SDA-PIPE-25', 1, 1, '2', '1', '', '1'),
(159, 'SDA-PIPE-25', 2, 2, '5', '5', '', '1'),
(160, 'SDA-PIPE-25', 3, 3, '20', '5', '', '1'),
(161, 'SDA-PIPE-25', 5, 4, '15', '5', '', '1'),
(162, 'SC-SDA-ROD-10-B', 1, 1, '2', '1', '', '1'),
(163, 'SC-SDA-ROD-10-B', 3, 2, '15', '5', '', '1'),
(164, 'SC-SDA-ROD-10-B', 4, 3, '5', '2', '', '1'),
(165, 'SC-SDA-25-B', 6, 6, '25', '8', '', '1'),
(166, 'SC-SR-63', 6, 4, '20', '5', '', '0'),
(167, 'SC-SE-PIPE-40', 1, 1, '3', '1', '', '1'),
(168, 'SC-SE-PIPE-40', 2, 2, '15', '5', '', '1'),
(169, 'SC-SE-PIPE-40', 5, 3, '20', '4', '', '1'),
(170, 'SC-SE-40', 6, 8, '20', '5', '', '1'),
(171, 'SC-MS-16X', 6, 5, '15', '2', '', '1'),
(172, 'SC-MS-16X', 7, 6, '15', '8', '', '1'),
(173, 'SC-MS/MA-Pipe-16', 1, 1, '4', '2', '', '1'),
(174, 'SC-MS/MA-Pipe-16', 2, 2, '10', '5', '', '1'),
(175, 'MA-ROD-6', 1, 1, '1', '1', '', '1'),
(176, 'MA-ROD-6', 3, 2, '15', '5', '', '1'),
(177, 'MA-ROD-6', 3, 3, '10', '2', '', '0'),
(178, 'MA-ROD-6', 4, 4, '4', '2', '', '1'),
(179, 'SC-SDA-100X', 6, 10, '25', '5', '', '1'),
(180, 'SDA-PIPE-100', 1, 1, '3', '1', '', '1'),
(181, 'SDA-PIPE-100', 2, 2, '10', '5', '', '1'),
(182, 'SDA-PIPE-100', 3, 2, '25', '5', '', '1'),
(183, 'SDA-PIPE-100', 5, 4, '25', '10', '', '1'),
(184, 'SDA-ROD-32', 1, 1, '7', '1', '', '1'),
(185, 'SDA-ROD-32', 3, 2, '10', '2', '', '1'),
(186, 'SDA-ROD-32', 2, 3, '16', '5', '', '1'),
(187, 'SDA-ROD-32', 4, 5, '9', '2', '', '1'),
(188, 'SDA-PIPE-32', 1, 1, '3', '1', '', '1'),
(189, 'SDA-PIPE-32', 2, 2, '5', '5', '', '1'),
(190, 'SDA-PIPE-32', 3, 3, '20', '5', '', '1'),
(191, 'SDA-PIPE-32', 5, 5, '20', '5', '', '1'),
(192, 'SDA-ROD-12', 1, 1, '5', '2', '', '1'),
(193, 'SDA-ROD-12', 3, 2, '7', '2', '', '1'),
(194, 'SDA-ROD-12', 2, 3, '10', '4', '', '1'),
(195, 'SDA-ROD-12', 4, 4, '6', '2', '', '1'),
(196, 'SC-SDA-32', 5, 1, '10', '0', '', '1'),
(197, 'SC-SDA-32', 6, 2, '15', '4', '', '1'),
(198, 'SE-PIPE-32', 1, 1, '2', '1', '', '1'),
(199, 'SE-PIPE-32', 2, 2, '10', '5', '', '1'),
(200, 'SE-PIPE-32', 5, 3, '15', '5', '', '1'),
(201, 'SC-SE-32', 6, 1, '10', '2', '', '1'),
(202, 'SO-BOX', 5, 1, '60', '10', '', '1'),
(203, 'SO-BOX', 6, 2, '300', '15', '', '1'),
(204, 'SC-Pepi-MS/MA-10', 1, 1, '2', '1', '', '1'),
(205, 'SC-Pepi-MS/MA-10', 2, 1, '10', '5', '', '1'),
(206, 'SC-Pepi-MS/MA-12', 1, 1, '2', '2', '', '1'),
(207, 'SC-Pepi-MS/MA-12', 2, 2, '10', '5', '', '1'),
(208, 'SC-Pepi-MS/MA-16', 1, 1, '2', '1', '', '1'),
(209, 'SC-Pepi-MS/MA-16', 2, 2, '10', '5', '', '1'),
(210, 'SC-Pepi-MS/MA-20', 1, 1, '2', '2', '', '1'),
(211, 'SC-Pepi-MS/MA-20', 2, 2, '15', '5', '', '1'),
(212, 'SC-Pepi-MS/MA-25', 1, 1, '2', '2', '', '1'),
(213, 'SC-Pepi-MS/MA-25', 2, 1, '15', '5', '', '1'),
(214, 'SC-Pepi-MS/MA-32', 1, 1, '2', '2', '', '1'),
(215, 'SC-Pepi-MS/MA-32', 2, 2, '15', '5', '', '1'),
(216, 'MA-ROD-8', 1, 1, '2', '1', '', '1'),
(217, 'MA-ROD-8', 3, 2, '7', '2', '', '1'),
(218, 'MA-ROD-8', 3, 3, '10', '2', '', '1'),
(219, 'MA-ROD-8', 4, 4, '4', '2', '', '1'),
(220, 'SC-MS-20X', 5, 1, '5', '5', '', '1'),
(221, 'SC-MS-20X', 6, 1, '15', '5', '', '1'),
(222, 'SC-MS-20X', 7, 1, '15', '5', '', '1'),
(223, 'SDA-ROD-10', 1, 1, '2', '1', '', '1'),
(224, 'SDA-ROD-10', 3, 2, '5', '2', '', '1'),
(225, 'SDA-ROD-10', 2, 3, '15', '2', '', '1'),
(226, 'SDA-ROD-10', 4, 4, '7', '3', '', '1'),
(227, 'SC-SDA-25', 6, 1, '20', '8', '', '1'),
(228, 'SC-PIPE-80', 1, 1, '5', '2', '', '1'),
(229, 'SC-PIPE-80', 2, 2, '10', '5', '', '1'),
(230, 'SC-SC-80', 6, 1, '20', '5', '', '0'),
(231, 'SC-MS-25', 6, 1, '15', '5', '', '1'),
(232, 'SC-MS-25', 7, 2, '20', '5', '', '1'),
(233, 'MA-ROD-10', 1, 1, '2', '1', '', '1'),
(234, 'MA-ROD-10', 3, 2, '15', '5', '', '1'),
(235, 'MA-ROD-10', 3, 1, '5', '2', '', '0'),
(236, 'MA-ROD-10', 4, 3, '5', '5', '', '1'),
(237, 'Пайка пилы', 5, 1, '20', '5', '', '1'),
(238, 'SC-MAL-25', 6, 1, '15', '5', '', '0'),
(239, 'SC-MAL-25', 5, 1, '10', '1', '', '0'),
(240, 'MAL-ROD-10', 1, 1, '2', '1', '', '1'),
(241, 'MAL-ROD-10', 3, 2, '5', '1', '', '1'),
(242, 'MAL-ROD-10', 2, 3, '8', '2', '', '1'),
(243, 'MAL-ROD-10', 4, 4, '5', '2', '', '1'),
(244, 'MAL-PIPE-25', 1, 1, '3', '1', '', '1'),
(245, 'MAL-PIPE-25', 3, 2, '15', '5', '', '1'),
(246, 'MAL-PIPE-25', 5, 3, '3', '1', '', '1'),
(247, 'SC-MAL-25', 5, 1, '10', '2', '', '1'),
(248, 'SC-MAL-25', 6, 2, '15', '5', '', '1'),
(249, 'GN-05.00.000', 4, 1, '3', '2', '', '0'),
(250, 'SE-PIPE-40', 1, 1, '2', '1', '', '1'),
(251, 'SE-PIPE-40', 2, 2, '10', '5', '', '1'),
(252, 'SE-PIPE-40', 5, 3, '15', '5', '', '1'),
(253, 'SE-PIPE-63', 1, 1, '3', '1', '', '1'),
(254, 'SE-PIPE-63', 2, 2, '12', '5', '', '1'),
(255, 'SE-PIPE-63', 5, 3, '20', '5', '', '1'),
(256, 'SC-PIPE-32', 1, 1, '2', '1', '', '1'),
(257, 'SC-PIPE-32', 2, 2, '10', '5', '', '1'),
(258, 'SC-PIPE-40', 1, 1, '3', '1', '', '1'),
(259, 'SC-PIPE-40', 2, 2, '10', '5', '', '1'),
(260, 'SC-PIPE-63', 1, 1, '4', '1', '', '1'),
(261, 'SC-PIPE-63', 2, 2, '15', '5', '', '1'),
(262, 'SC-PIPE-200', 1, 1, '3', '1', '', '1'),
(263, 'SC-PIPE-200', 2, 2, '25', '10', '', '1'),
(264, 'SC-PIPE-250', 1, 1, '3', '1', '', '1'),
(265, 'SC-PIPE-250', 2, 2, '25', '10', '', '1'),
(266, 'MAL-PIPE-16', 1, 1, '2', '1', '', '1'),
(267, 'MAL-PIPE-16', 3, 2, '10', '3', '', '1'),
(268, 'MAL-PIPE-16', 5, 3, '4', '1', '', '1'),
(269, 'MAL-PIPE-20', 5, 3, '3', '1', '', '1'),
(270, 'MAL-PIPE-32', 5, 3, '4', '1', '', '1'),
(271, 'MAL-PIPE-40', 5, 3, '4', '1', '', '1'),
(272, 'SC-SE-63', 6, 1, '15', '5', '', '1'),
(273, 'ADV-PIPE-12', 1, 1, '2', '1', '', '1'),
(274, 'ADV-PIPE-12', 2, 2, '10', '5', '', '1'),
(275, 'ADV-PIPE-12', 5, 3, '10', '5', '', '1'),
(276, 'ADV-PIPE-16', 1, 1, '2', '1', '', '1'),
(277, 'ADV-PIPE-16', 2, 2, '10', '5', '', '1'),
(278, 'ADV-PIPE-16', 5, 3, '10', '5', '', '1'),
(279, 'ADV-PIPE-40', 1, 1, '2', '1', '', '1'),
(280, 'ADV-PIPE-40', 2, 2, '10', '5', '', '1'),
(281, 'ADV-PIPE-40', 5, 3, '10', '5', '', '1'),
(282, 'ADV-PIPE-50', 1, 1, '3', '1', '', '1'),
(283, 'ADV-PIPE-50', 2, 2, '15', '5', '', '1'),
(284, 'ADV-PIPE-50', 5, 3, '10', '5', '', '1'),
(285, 'ADV-PIPE-63', 1, 1, '3', '1', '', '1'),
(286, 'ADV-PIPE-63', 2, 2, '18', '5', '', '1'),
(287, 'ADV-PIPE-63', 5, 3, '18', '5', '', '1'),
(288, 'ADV-PIPE-80', 1, 1, '5', '1', '', '1'),
(289, 'ADV-PIPE-80', 2, 1, '20', '5', '', '1'),
(290, 'ADV-PIPE-80', 5, 3, '15', '5', '', '1'),
(291, 'ADV-PIPE-100', 1, 1, '4', '1', '', '1'),
(292, 'ADV-PIPE-100', 2, 2, '18', '5', '', '1'),
(293, 'ADV-PIPE-100', 5, 3, '18', '5', '', '1'),
(294, 'SDA-PIPE-10', 1, 1, '2', '1', '', '1'),
(295, 'SDA-PIPE-10', 2, 2, '5', '5', '', '1'),
(296, 'SDA-PIPE-10', 3, 3, '15', '5', '', '1'),
(297, 'SDA-PIPE-10', 5, 4, '15', '5', '', '1'),
(298, 'SDA-PIPE-12', 1, 1, '2', '1', '', '1'),
(299, 'SDA-PIPE-12', 2, 2, '5', '5', '', '1'),
(300, 'SDA-PIPE-12', 3, 3, '15', '5', '', '1'),
(301, 'SDA-PIPE-12', 5, 4, '10', '5', '', '1'),
(302, 'SDA-PIPE-16', 1, 1, '2', '1', '', '1'),
(303, 'SDA-PIPE-16', 2, 2, '5', '5', '', '1'),
(304, 'SDA-PIPE-16', 3, 3, '15', '5', '', '1'),
(305, 'SDA-PIPE-16', 5, 4, '15', '5', '', '1'),
(306, 'SDA-PIPE-20', 1, 1, '2', '1', '', '1'),
(307, 'SDA-PIPE-20', 2, 2, '5', '5', '', '0'),
(308, 'SDA-PIPE-20', 3, 3, '15', '5', '', '1'),
(309, 'SDA-PIPE-20', 2, 2, '5', '5', '', '1'),
(310, 'SDA-PIPE-20', 5, 4, '15', '5', '', '1'),
(311, 'SDA-PIPE-40', 3, 3, '18', '5', '', '1'),
(312, 'SDA-PIPE-40', 5, 4, '18', '5', '', '1'),
(313, 'SDA-PIPE-50', 1, 1, '2', '1', '', '1'),
(314, 'SDA-PIPE-50', 2, 2, '7', '5', '', '1'),
(315, 'SDA-PIPE-50', 3, 3, '18', '5', '', '1'),
(316, 'SDA-PIPE-50', 5, 4, '18', '5', '', '1'),
(317, 'SDA-PIPE-63', 1, 1, '3', '1', '', '1'),
(318, 'SDA-PIPE-63', 2, 2, '8', '5', '', '1'),
(319, 'SDA-PIPE-63', 3, 3, '18', '5', '', '1'),
(320, 'SDA-PIPE-63', 5, 4, '20', '5', '', '1'),
(321, 'SDA-PIPE-80', 1, 1, '3', '1', '', '1'),
(322, 'SDA-PIPE-80', 2, 2, '9', '5', '', '1'),
(323, 'SDA-PIPE-80', 3, 3, '25', '5', '', '1'),
(324, 'SDA-PIPE-80', 5, 4, '20', '5', '', '1'),
(325, 'SR/SE-ROD-32', 1, 1, '2', '1', '', '1'),
(326, 'SR/SE-ROD-32', 3, 2, '15', '5', '', '1'),
(327, 'SR/SE-ROD-32', 4, 3, '5', '1', '', '1'),
(328, 'SR/SE-ROD-40', 1, 1, '3', '1', '', '1'),
(329, 'SR/SE-ROD-40', 3, 1, '18', '5', '', '1'),
(330, 'SR/SE-ROD-40', 4, 3, '7', '2', '', '1'),
(331, 'SW-ROD-12', 1, 1, '1', '1', '', '1'),
(332, 'SW-ROD-12', 3, 2, '5', '1', '', '1'),
(333, 'SW-ROD-12', 2, 3, '8', '2', '', '1'),
(334, 'SW-ROD-12', 4, 4, '6', '2', '', '1'),
(335, 'SW-ROD-16', 1, 1, '2', '1', '', '1'),
(336, 'SW-ROD-16', 3, 2, '7', '2', '', '1'),
(337, 'SW-ROD-16', 2, 3, '7', '2', '', '1'),
(338, 'SW-ROD-16', 4, 4, '5', '3', '', '1'),
(339, 'SW-ROD-20', 1, 1, '2', '1', '', '1'),
(340, 'SW-ROD-20', 3, 2, '8', '3', '', '1'),
(341, 'SW-ROD-20', 2, 3, '8', '5', '', '1'),
(342, 'SW-ROD-20', 4, 4, '5', '3', '', '1'),
(343, 'SW-ROD-25', 1, 1, '3', '1', '', '1'),
(344, 'SW-ROD-25', 3, 2, '8', '3', '', '1'),
(345, 'SW-ROD-25', 2, 3, '8', '5', '', '1'),
(346, 'SW-ROD-25', 4, 4, '5', '3', '', '1'),
(347, 'MAL-ROD-6', 1, 1, '1', '1', '', '1'),
(348, 'MAL-ROD-6', 3, 2, '15', '5', '', '1'),
(349, 'MAL-ROD-6', 4, 3, '5', '2', '', '1'),
(350, 'SDA-ROD-8', 3, 2, '10', '2', '', '1'),
(351, 'SC-SWR-100', 6, 1, '15', '5', '', '1'),
(352, 'MA-ROD-4', 1, 1, '1', '1', '', '1'),
(353, 'MA-ROD-4', 3, 2, '15', '2', '', '1'),
(354, 'MA-ROD-12', 1, 1, '2', '1', '', '1'),
(355, 'MA-ROD-12', 3, 2, '15', '5', '', '1'),
(356, 'MA-ROD-12', 4, 3, '5', '2', '', '1'),
(357, 'SC-ROD-12', 1, 1, '2', '1', '', '1'),
(358, 'SC-ROD-12', 3, 2, '5', '1', '', '1'),
(359, 'SC-ROD-12', 2, 3, '10', '5', '', '1'),
(360, 'SC-ROD-12', 4, 4, '5', '2', '', '1'),
(361, 'SC-ROD-16', 1, 1, '2', '1', '', '1'),
(362, 'SC-ROD-16', 3, 2, '10', '2', '', '1'),
(363, 'SC-ROD-16', 2, 3, '7', '5', '', '1'),
(364, 'SC-ROD-16', 4, 4, '5', '2', '', '1'),
(365, 'SC-ROD-12-B', 1, 1, '1', '1', '', '1'),
(366, 'SC-ROD-12-B', 3, 2, '15', '2', '', '1'),
(367, 'SC-ROD-12-B', 4, 3, '5', '2', '', '1'),
(368, 'SC-ROD-16-B', 1, 1, '1', '1', '', '1'),
(369, 'SC-ROD-16-B', 3, 2, '15', '5', '', '1'),
(370, 'SC-ROD-16-B', 4, 3, '5', '2', '', '1'),
(371, 'SC-ROD-20-B', 1, 1, '2', '1', '', '1'),
(372, 'SC-ROD-20-B', 3, 2, '15', '5', '', '1'),
(373, 'SC-ROD-20-B', 4, 3, '5', '2', '', '1'),
(374, 'SC-ROD-25-B', 1, 1, '1', '1', '', '1'),
(375, 'SC-ROD-25-B', 3, 2, '18', '5', '', '1'),
(376, 'SC-ROD-25-B', 4, 3, '5', '2', '', '1'),
(377, 'SC-ROD-32-B', 1, 1, '2', '1', '', '1'),
(378, 'Пневмоцилиндр', 6, 1, '15', '5', '', '0'),
(379, 'SC-SC-32', 6, 1, '15', '5', '', '1'),
(380, 'SC-SC-40', 6, 1, '15', '5', '', '1'),
(381, 'SC-SC-50', 6, 1, '15', '5', '', '1'),
(382, 'SC-SC-63', 6, 1, '15', '5', '', '1'),
(383, 'SC-SC-80', 6, 1, '15', '5', '', '1'),
(384, 'SC-SC-200', 6, 1, '29', '5', '', '1'),
(385, 'SC-SC-32-B', 6, 1, '15', '5', '', '1'),
(386, 'SC-SC-40-B', 6, 1, '15', '5', '', '1'),
(387, 'SC-SC-50-B', 6, 1, '15', '5', '', '1'),
(388, 'SC-SC-63-B', 6, 1, '18', '5', '', '1'),
(389, 'SC-SC-80-B', 6, 1, '18', '5', '', '1'),
(390, 'SC-SC-100-B', 6, 1, '20', '5', '', '1'),
(391, 'SC-SWR-80', 6, 1, '15', '5', '', '1'),
(392, 'SC-SWR-63', 6, 1, '15', '5', '', '1'),
(393, 'SC-SWR-50', 6, 1, '15', '5', '', '1'),
(394, 'SC-SWR-40', 6, 1, '15', '5', '', '1'),
(395, 'SC-SWR-32', 6, 1, '15', '5', '', '1'),
(396, 'SC-SWE-32', 6, 1, '15', '5', '', '1'),
(397, 'SC-SWE-40', 6, 1, '15', '5', '', '1'),
(398, 'SC-SWE-50', 6, 1, '15', '5', '', '1'),
(399, 'SC-SWE-63', 5, 1, '15', '8', '', '1'),
(400, 'SC-SWE-80', 6, 1, '18', '8', '', '1'),
(401, 'SC-SWE-100', 6, 1, '20', '10', '', '1'),
(402, 'SC-SR-125', 6, 1, '20', '5', '', '1'),
(403, 'SR/SE-ROD-50', 1, 1, '4', '1', '', '1'),
(404, 'SR/SE-ROD-50', 3, 2, '20', '10', '', '1'),
(405, 'SR/SE-ROD-50', 4, 3, '10', '5', '', '1'),
(406, 'SC-SG-160', 6, 1, '20', '5', '', '1'),
(407, 'SC-SG-200', 6, 1, '20', '5', '', '1'),
(408, 'Пруток стальной', 1, 1, '1', '1', '', '1'),
(409, 'Пруток стальной', 3, 2, '8', '2', '', '1'),
(410, 'SC-SG-250', 6, 1, '25', '5', '', '1'),
(411, 'SDA-ROD-6-B', 1, 1, '1', '1', '', '1'),
(412, 'SDA-ROD-6-B', 3, 2, '10', '2', '', '1'),
(413, 'SDA-ROD-6-B', 4, 3, '5', '2', '', '1'),
(414, 'SDA-ROD-8-B', 1, 1, '1', '1', '', '1'),
(415, 'SDA-ROD-8-B', 3, 2, '10', '5', '', '1'),
(416, 'SDA-ROD-8-B', 4, 3, '5', '2', '', '1'),
(417, 'SDA-ROD-10-B', 1, 1, '1', '1', '', '1'),
(418, 'SDA-ROD-10-B', 3, 2, '10', '5', '', '1'),
(419, 'SDA-ROD-10-B', 4, 3, '5', '2', '', '1'),
(420, 'SDA-ROD-12-B', 1, 1, '1', '1', '', '1'),
(421, 'SDA-ROD-12-B', 3, 2, '10', '5', '', '1'),
(422, 'SDA-ROD-12-B', 4, 3, '5', '2', '', '1'),
(423, 'SDA-ROD-16-B', 1, 1, '1', '1', '', '1'),
(424, 'SDA-ROD-16-B', 3, 2, '12', '5', '', '1'),
(425, 'SDA-ROD-16-B', 4, 3, '5', '2', '', '1'),
(426, 'SDA-ROD-20-B', 1, 1, '2', '1', '', '1'),
(427, 'SDA-ROD-20-B', 3, 2, '16', '5', '', '1'),
(428, 'SDA-ROD-20-B', 4, 3, '6', '2', '', '1'),
(429, 'SDA-ROD-25-B', 1, 1, '2', '1', '', '1'),
(430, 'SDA-ROD-25-B', 3, 2, '20', '5', '', '1'),
(431, 'SDA-ROD-25-B', 4, 3, '6', '2', '', '1'),
(432, 'SDA-ROD-32-B', 1, 1, '2', '1', '', '1'),
(433, 'SDA-ROD-32-B', 3, 2, '20', '5', '', '1'),
(434, 'SDA-ROD-32-B', 4, 3, '6', '2', '', '1'),
(435, 'SDA-ROD-6', 1, 1, '1', '1', '', '1'),
(436, 'SDA-ROD-6', 3, 2, '5', '2', '', '1'),
(437, 'SDA-ROD-6', 2, 3, '10', '2', '', '1'),
(438, 'SDA-ROD-6', 4, 4, '5', '2', '', '1'),
(439, 'SDA-ROD-20', 1, 1, '2', '1', '', '1'),
(440, 'SDA-ROD-20', 3, 2, '7', '2', '', '1'),
(441, 'SDA-ROD-20', 2, 3, '10', '5', '', '1'),
(442, 'SDA-ROD-20', 4, 4, '5', '2', '', '1'),
(443, 'SDA-ROD-25', 1, 1, '2', '1', '', '1'),
(444, 'SDA-ROD-25', 3, 2, '10', '5', '', '1'),
(445, 'SDA-ROD-25', 2, 3, '10', '5', '', '1'),
(446, 'SDA-ROD-25', 4, 1, '5', '2', '', '1'),
(447, 'SC-SDA-12', 6, 1, '15', '5', '', '1'),
(448, 'SC-SDA-12-B', 6, 1, '15', '5', '', '1'),
(449, 'SC-SDA-16', 6, 1, '18', '5', '', '1'),
(450, 'SC-SDA-16-B', 6, 1, '18', '5', '', '1'),
(451, 'SC-ADV-50', 6, 1, '18', '5', '', '1'),
(452, 'SC-SDA-20', 6, 1, '15', '5', '', '1'),
(453, 'SC-SDA-20-B', 6, 1, '15', '5', '', '1');

-- --------------------------------------------------------

--
-- Структура таблицы `users`
--

CREATE TABLE `users` (
  `id` int(11) NOT NULL,
  `login` varchar(50) NOT NULL,
  `password` varchar(50) NOT NULL,
  `name` varchar(100) NOT NULL,
  `title` varchar(100) NOT NULL,
  `position` int(11) NOT NULL COMMENT 'должность',
  `status` enum('0','1') NOT NULL DEFAULT '1'
) ENGINE=MyISAM DEFAULT CHARSET=utf8;

--
-- Дамп данных таблицы `users`
--

INSERT INTO `users` (`id`, `login`, `password`, `name`, `title`, `position`, `status`) VALUES
(1, 'Priymak', '123', 'Владимир', 'Приймак В.', 0, '1'),
(2, 'Logvinov', '12345', 'О', 'Логвинов О.', 1, '1'),
(3, 'Kovbasa', '54321', 'Юрий', 'Ковбаса Ю.', 1, '1'),
(4, '0312', '031289', 'Владислав', 'Земляной В.', 0, '1'),
(5, 'Gavrilyk', '333aaa', '', '', 0, '1'),
(6, 'Koval', '456rrr', '', '', 0, '1'),
(7, 'Burlakov', '888yyy', '', '', 0, '1');

-- --------------------------------------------------------

--
-- Структура таблицы `user_options`
--

CREATE TABLE `user_options` (
  `id` int(11) NOT NULL,
  `name` varchar(100) NOT NULL,
  `value` varchar(100) NOT NULL,
  `id_user` int(11) NOT NULL,
  `status` enum('0','1') NOT NULL DEFAULT '1'
) ENGINE=MyISAM DEFAULT CHARSET=utf8;

--
-- Дамп данных таблицы `user_options`
--

INSERT INTO `user_options` (`id`, `name`, `value`, `id_user`, `status`) VALUES
(1, 'default_type_order', '1', 2, '1'),
(2, 'default_product_action', '3', 2, '1'),
(3, 'default_type_order', '1', 3, '1'),
(4, 'default_product_action', '6', 3, '1'),
(5, 'price_worker_hour', '51,14', 2, '1'),
(6, 'price_worker_hour', '51,14', 3, '1');

--
-- Индексы сохранённых таблиц
--

--
-- Индексы таблицы `data_actions`
--
ALTER TABLE `data_actions`
  ADD PRIMARY KEY (`id`);

--
-- Индексы таблицы `drawings`
--
ALTER TABLE `drawings`
  ADD PRIMARY KEY (`id`);

--
-- Индексы таблицы `orders`
--
ALTER TABLE `orders`
  ADD PRIMARY KEY (`id`);

--
-- Индексы таблицы `order_actions`
--
ALTER TABLE `order_actions`
  ADD PRIMARY KEY (`id`);

--
-- Индексы таблицы `order_action_states`
--
ALTER TABLE `order_action_states`
  ADD PRIMARY KEY (`id`);

--
-- Индексы таблицы `order_action_unplan`
--
ALTER TABLE `order_action_unplan`
  ADD PRIMARY KEY (`id`);

--
-- Индексы таблицы `order_content`
--
ALTER TABLE `order_content`
  ADD PRIMARY KEY (`id`);

--
-- Индексы таблицы `order_positions`
--
ALTER TABLE `order_positions`
  ADD PRIMARY KEY (`id`);

--
-- Индексы таблицы `products`
--
ALTER TABLE `products`
  ADD PRIMARY KEY (`id`);

--
-- Индексы таблицы `product_actions`
--
ALTER TABLE `product_actions`
  ADD PRIMARY KEY (`id`);

--
-- Индексы таблицы `users`
--
ALTER TABLE `users`
  ADD PRIMARY KEY (`id`),
  ADD UNIQUE KEY `login` (`login`);

--
-- Индексы таблицы `user_options`
--
ALTER TABLE `user_options`
  ADD PRIMARY KEY (`id`);

--
-- AUTO_INCREMENT для сохранённых таблиц
--

--
-- AUTO_INCREMENT для таблицы `data_actions`
--
ALTER TABLE `data_actions`
  MODIFY `id` int(11) NOT NULL AUTO_INCREMENT, AUTO_INCREMENT=8;

--
-- AUTO_INCREMENT для таблицы `drawings`
--
ALTER TABLE `drawings`
  MODIFY `id` int(11) NOT NULL AUTO_INCREMENT, AUTO_INCREMENT=6;

--
-- AUTO_INCREMENT для таблицы `orders`
--
ALTER TABLE `orders`
  MODIFY `id` int(11) NOT NULL AUTO_INCREMENT, AUTO_INCREMENT=93;

--
-- AUTO_INCREMENT для таблицы `order_actions`
--
ALTER TABLE `order_actions`
  MODIFY `id` int(11) NOT NULL AUTO_INCREMENT, AUTO_INCREMENT=658;

--
-- AUTO_INCREMENT для таблицы `order_action_states`
--
ALTER TABLE `order_action_states`
  MODIFY `id` int(11) NOT NULL AUTO_INCREMENT, AUTO_INCREMENT=847;

--
-- AUTO_INCREMENT для таблицы `order_action_unplan`
--
ALTER TABLE `order_action_unplan`
  MODIFY `id` int(11) NOT NULL AUTO_INCREMENT, AUTO_INCREMENT=63;

--
-- AUTO_INCREMENT для таблицы `order_content`
--
ALTER TABLE `order_content`
  MODIFY `id` int(11) NOT NULL AUTO_INCREMENT, AUTO_INCREMENT=116;

--
-- AUTO_INCREMENT для таблицы `order_positions`
--
ALTER TABLE `order_positions`
  MODIFY `id` int(11) NOT NULL AUTO_INCREMENT, AUTO_INCREMENT=118;

--
-- AUTO_INCREMENT для таблицы `products`
--
ALTER TABLE `products`
  MODIFY `id` int(11) NOT NULL AUTO_INCREMENT, AUTO_INCREMENT=534;

--
-- AUTO_INCREMENT для таблицы `product_actions`
--
ALTER TABLE `product_actions`
  MODIFY `id` int(11) NOT NULL AUTO_INCREMENT, AUTO_INCREMENT=454;

--
-- AUTO_INCREMENT для таблицы `users`
--
ALTER TABLE `users`
  MODIFY `id` int(11) NOT NULL AUTO_INCREMENT, AUTO_INCREMENT=8;

--
-- AUTO_INCREMENT для таблицы `user_options`
--
ALTER TABLE `user_options`
  MODIFY `id` int(11) NOT NULL AUTO_INCREMENT, AUTO_INCREMENT=7;
COMMIT;

/*!40101 SET CHARACTER_SET_CLIENT=@OLD_CHARACTER_SET_CLIENT */;
/*!40101 SET CHARACTER_SET_RESULTS=@OLD_CHARACTER_SET_RESULTS */;
/*!40101 SET COLLATION_CONNECTION=@OLD_COLLATION_CONNECTION */;
