-- phpMyAdmin SQL Dump
-- version 4.8.4
-- https://www.phpmyadmin.net/
--
-- Хост: pn341543.mysql.ukraine.com.ua
-- Время создания: Мар 11 2019 г., 09:26
-- Версия сервера: 5.7.16-10-log
-- Версия PHP: 7.0.33

SET SQL_MODE = "NO_AUTO_VALUE_ON_ZERO";
SET AUTOCOMMIT = 0;
START TRANSACTION;
SET time_zone = "+00:00";


/*!40101 SET @OLD_CHARACTER_SET_CLIENT=@@CHARACTER_SET_CLIENT */;
/*!40101 SET @OLD_CHARACTER_SET_RESULTS=@@CHARACTER_SET_RESULTS */;
/*!40101 SET @OLD_COLLATION_CONNECTION=@@COLLATION_CONNECTION */;
/*!40101 SET NAMES utf8mb4 */;

--
-- База данных: `pn341543_db`
--

-- --------------------------------------------------------

--
-- Структура таблицы `data_actions`
--

CREATE TABLE `data_actions` (
  `id` int(11) NOT NULL,
  `name` varchar(100) NOT NULL,
  `price` varchar(100) NOT NULL,
  `status` enum('0','1') NOT NULL DEFAULT '1'
) ENGINE=MyISAM DEFAULT CHARSET=utf8;

--
-- Дамп данных таблицы `data_actions`
--

INSERT INTO `data_actions` (`id`, `name`, `price`, `status`) VALUES
(1, 'Порезка заготовки', '', '1'),
(2, 'Ток. обработка на УН', '', '1'),
(3, 'Ток. обработка на ЧПУ', '', '1'),
(4, 'Фрезерование', '', '1'),
(5, 'Слесарные операции', '', '1'),
(6, 'Сборочные операции', '', '1'),
(7, 'Закатка цилиндра', '', '1');

-- --------------------------------------------------------

--
-- Структура таблицы `orders`
--

CREATE TABLE `orders` (
  `id` int(11) NOT NULL,
  `symbol` varchar(50) NOT NULL,
  `state` tinyint(1) NOT NULL,
  `type` tinyint(1) NOT NULL,
  `date_exec` varchar(100) NOT NULL,
  `note` text NOT NULL,
  `status` enum('0','1') NOT NULL DEFAULT '1'
) ENGINE=MyISAM DEFAULT CHARSET=utf8;

--
-- Дамп данных таблицы `orders`
--

INSERT INTO `orders` (`id`, `symbol`, `state`, `type`, `date_exec`, `note`, `status`) VALUES
(1, 'PN000000196', 4, 1, '1551375114', '', '1'),
(2, 'PN000000619', 4, 1, '1551375201', '', '1'),
(3, 'SP000000198', 4, 1, '1551375270', '', '1'),
(4, 'SP000000648', 4, 1, '1551375369', '', '1'),
(5, 'SP000000582', 3, 1, '1551375455', '', '1'),
(6, 'PN000000163', 4, 1, '1551375778', '', '1'),
(7, 'SP000000505', 4, 1, '1551375881', '', '1'),
(8, 'SP000000599', 4, 1, '1551375955', '', '1'),
(9, 'PN000000212', 3, 1, '1551338974', '', '1'),
(10, 'SP000000609', 4, 1, '1551339100', '', '1'),
(11, 'SP000000658', 4, 1, '1551339323', '', '1'),
(12, 'SP000000655', 4, 1, '1551339635', '', '1'),
(13, 'SP000000663', 4, 1, '1551872261', 'Шток диаметром 30мм', '1'),
(14, 'PN000000204', 4, 1, '1551441310', '', '1'),
(15, 'SP000000677', 4, 1, '1549022428', '', '1'),
(16, 'SP000000684', 4, 1, '1551360883', '', '1'),
(17, 'PN000000225', 4, 1, '1551693524', '', '1'),
(18, 'SP000000645', 1, 1, '', '', '0'),
(19, 'SP000000660', 3, 1, '1551797844', '', '1'),
(20, '000001', 4, 1, '', 'Точить Барабаны на накатку нижний', '1'),
(21, 'PN000000228', 4, 1, '1551770094', '', '1'),
(22, 'PN000000187', 4, 1, '1551770380', '', '1'),
(23, 'SP000000667', 4, 1, '1551786625', '', '1'),
(24, 'SP000000704', 4, 1, '1551786844', '', '1'),
(25, 'SP000000705', 4, 1, '1551787309', '', '1'),
(26, 'SP000000707', 4, 1, '1551787510', '', '1'),
(27, 'PN000000234', 4, 1, '1551797055', '', '1'),
(28, 'SP000000627', 4, 1, '1551779475', '', '1'),
(29, 'PN000000237', 4, 1, '', '', '1'),
(30, 'SP000000725', 4, 1, '1551866367', '1 шток на ремонт МАЛ-20х150', '1'),
(31, 'SP000000723', 4, 1, '1551852989', '', '1'),
(32, 'SP000000740', 4, 1, '1551854038', 'Срочно на 17-00', '1'),
(33, 'SP000000627-2', 3, 1, '1552374413', 'С канавкой Под резиновое кольцо', '1'),
(34, '001', 4, 1, '1551870017', 'Пайка новых полотен на пилу мыть', '1'),
(35, 'SP000000719', 3, 1, '1551969279', '', '1'),
(36, 'SP000000620', 3, 1, '1551969953', '', '1'),
(37, 'SP000000620-1', 3, 1, '1551970721', 'к цилиндру sr-100x410', '1'),
(38, 'SP000000521', 3, 1, '1552316573', 'Сборка шкафа', '1'),
(39, 'PN000000247', 4, 1, '1551942646', 'собрать вместе\r\n', '1'),
(40, 'SP000000728', 3, 1, '1552293433', '', '1'),
(41, 'SP000000754', 3, 1, '1552293906', '', '1'),
(42, 'SP000000063', 3, 1, '1552295092', 'обточить чтоб вставлялись рат 63, 75, 83, 95', '1'),
(43, 'SP000000727', 3, 1, '1552383906', 'Собрать жопа к жопе', '1'),
(44, 'SP000000738', 3, 1, '1551957325', '', '1'),
(45, 'SP000000761', 3, 1, '1552216439', '', '1'),
(46, 'SP000000769', 3, 1, '1552311672', '', '1'),
(47, 'SP000000776', 3, 1, '1552312107', 'Срочно на 11,03', '1');

-- --------------------------------------------------------

--
-- Структура таблицы `order_actions`
--

CREATE TABLE `order_actions` (
  `id` int(11) NOT NULL,
  `id_order` int(11) NOT NULL,
  `id_prod` int(11) NOT NULL,
  `id_data` int(11) NOT NULL COMMENT 'id data_actions',
  `qty` int(5) NOT NULL,
  `state` int(11) NOT NULL,
  `type_order` int(11) NOT NULL,
  `time_start` varchar(100) NOT NULL,
  `time_end` varchar(100) NOT NULL,
  `time_manufac` varchar(100) NOT NULL,
  `id_worker` int(11) NOT NULL,
  `status` enum('0','1') NOT NULL DEFAULT '1'
) ENGINE=MyISAM DEFAULT CHARSET=utf8;

--
-- Дамп данных таблицы `order_actions`
--

INSERT INTO `order_actions` (`id`, `id_order`, `id_prod`, `id_data`, `qty`, `state`, `type_order`, `time_start`, `time_end`, `time_manufac`, `id_worker`, `status`) VALUES
(1, 1, 50, 6, 2, 4, 1, '1551431176', '1551432612', '38', 3, '1'),
(2, 1, 138, 1, 2, 4, 1, '1551351275', '1551351286', '7', 3, '1'),
(3, 1, 138, 2, 2, 4, 1, '1551430797', '1551430800', '41', 2, '1'),
(4, 1, 138, 4, 2, 4, 1, '1551334602', '1551334615', '11', 3, '1'),
(5, 1, 139, 1, 2, 4, 1, '1551334675', '1551334679', '7', 2, '1'),
(6, 1, 139, 2, 2, 4, 1, '1551430786', '1551430791', '61', 2, '1'),
(7, 1, 139, 5, 2, 4, 1, '1551428207', '1551431149', '40', 3, '1'),
(8, 2, 145, 6, 2, 4, 1, '1551345329', '1551346529', '38', 3, '1'),
(9, 2, 170, 1, 2, 4, 1, '1551883467', '1551883498', '7', 2, '1'),
(10, 2, 170, 3, 2, 4, 1, '1551428372', '1551428376', '15', 2, '1'),
(11, 2, 170, 2, 2, 4, 1, '1551355932', '1551357101', '29', 2, '1'),
(12, 2, 170, 4, 2, 4, 1, '1551335625', '1551335647', '13', 3, '1'),
(13, 2, 171, 1, 2, 4, 1, '1551856907', '1551878469', '7', 3, '1'),
(14, 2, 171, 2, 2, 4, 1, '1551335996', '1551336913', '37', 2, '1'),
(15, 2, 171, 5, 2, 4, 1, '1551344501', '1551345269', '48', 3, '1'),
(16, 4, 172, 6, 1, 4, 1, '1551345394', '1551345400', '19', 3, '1'),
(17, 4, 175, 1, 1, 4, 1, '', '', '4', 0, '1'),
(18, 4, 175, 4, 1, 4, 1, '1551424415', '1551428087', '7', 3, '1'),
(19, 4, 175, 3, 1, 4, 1, '1551352000', '1551352003', '11', 2, '1'),
(20, 4, 176, 1, 1, 4, 1, '', '', '4', 0, '1'),
(21, 4, 176, 2, 1, 4, 1, '1551355936', '1551359325', '13', 2, '1'),
(22, 4, 177, 1, 1, 4, 1, '1551680760', '1551878476', '3', 3, '1'),
(23, 4, 177, 3, 1, 4, 1, '1551359372', '1551428365', '4', 2, '1'),
(24, 6, 143, 6, 3, 4, 1, '1551786078', '1551793075', '57', 3, '1'),
(25, 6, 178, 1, 3, 4, 1, '1551340503', '1551340598', '10', 3, '1'),
(26, 6, 178, 3, 3, 4, 1, '1551347382', '1551349627', '19', 2, '1'),
(27, 6, 178, 2, 3, 4, 1, '1551430808', '1551430811', '22', 2, '1'),
(28, 6, 178, 4, 3, 4, 1, '1551349689', '1551350177', '16', 3, '1'),
(29, 6, 179, 1, 3, 4, 1, '', '', '10', 0, '1'),
(30, 6, 179, 2, 3, 4, 1, '1551430774', '1551430776', '46', 2, '1'),
(31, 6, 179, 5, 3, 4, 1, '', '', '60', 0, '1'),
(32, 7, 4, 6, 2, 4, 1, '1551351939', '1551357286', '38', 3, '1'),
(33, 7, 180, 1, 2, 4, 1, '1551344204', '1551344376', '7', 3, '1'),
(34, 7, 180, 2, 2, 4, 1, '1551347294', '1551347298', '15', 2, '1'),
(35, 7, 180, 4, 2, 4, 1, '1551350291', '1551350690', '11', 3, '1'),
(36, 7, 181, 1, 2, 4, 1, '1551344266', '1551344390', '7', 3, '1'),
(37, 7, 181, 2, 2, 4, 1, '1551355623', '1551355633', '21', 2, '1'),
(38, 7, 182, 1, 8, 4, 1, '1551344269', '1551344386', '17', 3, '1'),
(39, 7, 182, 3, 8, 4, 1, '1551347252', '1551347258', '21', 2, '1'),
(40, 8, 4, 6, 1, 4, 1, '1551351941', '1551357292', '19', 3, '1'),
(41, 8, 180, 1, 1, 4, 1, '1551883501', '1551883504', '4', 2, '1'),
(42, 8, 180, 2, 1, 4, 1, '1551430785', '1551430793', '8', 2, '1'),
(43, 8, 180, 4, 1, 4, 1, '1551350301', '1551350698', '6', 3, '1'),
(44, 8, 181, 1, 1, 4, 1, '1551883541', '1551883544', '4', 2, '1'),
(45, 8, 181, 2, 1, 4, 1, '1551430804', '1551430806', '11', 2, '1'),
(46, 8, 182, 1, 4, 4, 1, '1551883547', '1551883550', '9', 2, '1'),
(47, 8, 182, 3, 4, 4, 1, '1551351921', '1551351927', '11', 2, '1'),
(48, 3, 185, 6, 1, 4, 1, '', '', '15', 0, '1'),
(49, 5, 172, 6, 1, 4, 1, '1551345363', '1551345370', '19', 3, '1'),
(50, 5, 172, 6, 2, 4, 1, '1551345363', '1551345370', '38', 3, '1'),
(51, 5, 112, 6, 1, 1, 1, '', '', '19', 0, '1'),
(52, 5, 113, 6, 1, 1, 1, '', '', '19', 0, '1'),
(53, 5, 175, 1, 1, 4, 1, '1551883551', '1551883554', '4', 2, '1'),
(54, 5, 175, 4, 1, 4, 1, '1551428107', '1551428126', '7', 3, '1'),
(55, 5, 175, 3, 1, 4, 1, '1551348875', '1551351879', '11', 2, '1'),
(56, 5, 176, 1, 1, 4, 1, '1551883514', '1551883522', '4', 2, '1'),
(57, 5, 176, 2, 1, 4, 1, '1551338980', '1551339007', '13', 2, '1'),
(58, 5, 177, 1, 1, 4, 1, '1551883535', '1551883537', '3', 2, '1'),
(59, 5, 177, 3, 1, 4, 1, '1551428391', '1551428396', '4', 2, '1'),
(60, 5, 175, 1, 2, 4, 1, '1551883551', '1551883554', '7', 2, '1'),
(61, 5, 175, 4, 2, 4, 1, '1551428107', '1551428126', '13', 3, '1'),
(62, 5, 175, 3, 2, 4, 1, '1551348875', '1551351879', '21', 2, '1'),
(63, 5, 176, 1, 2, 4, 1, '1551883514', '1551883522', '7', 2, '1'),
(64, 5, 176, 2, 2, 4, 1, '1551338980', '1551339007', '25', 2, '1'),
(65, 5, 177, 1, 2, 4, 1, '1551883535', '1551883537', '5', 2, '1'),
(66, 5, 177, 3, 2, 4, 1, '1551428391', '1551428396', '7', 2, '1'),
(67, 5, 183, 1, 1, 4, 1, '1551340552', '1551340603', '4', 3, '1'),
(68, 5, 183, 3, 1, 4, 1, '1551350485', '1551351005', '7', 2, '1'),
(69, 5, 183, 2, 1, 4, 1, '1551355924', '1551356377', '11', 2, '1'),
(70, 5, 183, 4, 1, 4, 1, '1551350988', '1551424384', '6', 3, '1'),
(71, 5, 184, 1, 1, 4, 1, '1551340574', '1551340611', '4', 3, '1'),
(72, 5, 184, 2, 1, 4, 1, '1551430752', '1551430755', '26', 2, '1'),
(73, 5, 129, 1, 1, 4, 1, '1551340581', '1551340615', '4', 3, '1'),
(74, 5, 129, 3, 1, 4, 1, '1551349830', '1551350398', '8', 2, '1'),
(75, 5, 129, 2, 1, 4, 1, '1551356440', '1551357036', '11', 2, '1'),
(76, 5, 129, 4, 1, 4, 1, '1551350745', '1551424388', '6', 3, '1'),
(77, 5, 130, 1, 1, 4, 1, '1551340591', '1551340619', '4', 3, '1'),
(78, 5, 130, 2, 1, 4, 1, '1551355883', '1551355911', '26', 2, '1'),
(79, 11, 90, 6, 2, 4, 1, '1551359187', '1551363170', '44', 3, '1'),
(80, 11, 90, 6, 2, 4, 1, '1551359187', '1551363170', '44', 3, '1'),
(81, 11, 198, 1, 1, 4, 1, '1551344343', '1551344393', '4', 3, '1'),
(82, 11, 198, 2, 1, 4, 1, '1551360440', '1551362599', '13', 2, '1'),
(83, 11, 75, 1, 1, 4, 1, '', '', '4', 0, '1'),
(84, 11, 75, 3, 1, 4, 1, '1551351903', '1551351912', '9', 2, '1'),
(85, 11, 75, 2, 1, 4, 1, '1551357150', '1551357556', '13', 2, '1'),
(86, 11, 75, 4, 1, 4, 1, '1551357647', '1551357940', '7', 3, '1'),
(87, 11, 186, 1, 2, 4, 1, '1551344364', '1551344398', '7', 3, '1'),
(88, 11, 186, 3, 2, 4, 1, '1551351957', '1551351961', '17', 2, '1'),
(89, 11, 186, 2, 2, 4, 1, '1551357700', '1551358445', '25', 2, '1'),
(90, 11, 186, 4, 2, 4, 1, '1551357999', '1551363136', '13', 3, '1'),
(91, 11, 196, 1, 2, 4, 1, '1551344353', '1551344401', '7', 3, '1'),
(92, 11, 196, 2, 2, 4, 1, '1551359433', '1551360376', '25', 2, '1'),
(93, 11, 197, 1, 8, 4, 1, '1551344367', '1551344404', '17', 3, '1'),
(94, 11, 197, 3, 8, 4, 1, '1551347448', '1551348913', '21', 2, '1'),
(95, 11, 186, 1, 2, 4, 1, '1551344364', '1551344398', '7', 3, '1'),
(96, 11, 186, 3, 2, 4, 1, '1551351957', '1551351961', '17', 2, '1'),
(97, 11, 186, 2, 2, 4, 1, '1551357700', '1551358445', '25', 2, '1'),
(98, 11, 186, 4, 2, 4, 1, '1551357999', '1551363136', '13', 3, '1'),
(99, 11, 196, 1, 2, 4, 1, '1551344353', '1551344401', '7', 3, '1'),
(100, 11, 196, 2, 2, 4, 1, '1551359433', '1551360376', '25', 2, '1'),
(101, 11, 197, 1, 8, 4, 1, '1551344367', '1551344404', '17', 3, '1'),
(102, 11, 197, 3, 8, 4, 1, '1551347448', '1551348913', '21', 2, '1'),
(103, 12, 199, 6, 1, 4, 1, '1551345305', '1551349646', '10', 3, '1'),
(104, 13, 76, 1, 1, 4, 1, '1551883555', '1551883557', '4', 2, '1'),
(105, 13, 76, 2, 1, 4, 1, '1551430740', '1551430746', '13', 2, '1'),
(106, 13, 76, 2, 1, 4, 1, '1551430740', '1551430746', '11', 2, '1'),
(107, 13, 76, 4, 1, 4, 1, '1551428111', '1551428153', '7', 3, '1'),
(108, 14, 4, 6, 2, 4, 1, '1551436235', '1551439388', '38', 3, '1'),
(109, 14, 180, 1, 2, 4, 1, '1551360903', '1551424309', '7', 3, '1'),
(110, 14, 180, 2, 2, 4, 1, '1551429098', '1551430679', '15', 2, '1'),
(111, 14, 180, 4, 2, 4, 1, '1551428131', '1551428142', '11', 3, '1'),
(112, 14, 181, 1, 2, 4, 1, '1551360905', '1551424316', '7', 3, '1'),
(113, 14, 181, 2, 2, 4, 1, '1551430766', '1551430769', '21', 2, '1'),
(114, 14, 182, 1, 8, 4, 1, '1551360907', '1551424325', '17', 3, '1'),
(115, 14, 182, 3, 8, 4, 1, '1551422813', '1551428335', '21', 2, '1'),
(116, 16, 185, 6, 1, 4, 1, '1551428178', '1551428185', '15', 3, '1'),
(117, 15, 86, 6, 1, 4, 1, '1551435421', '1551436120', '19', 3, '1'),
(118, 15, 200, 1, 1, 4, 1, '1551424301', '1551424492', '4', 3, '1'),
(119, 15, 200, 3, 1, 4, 1, '1551423042', '1551428321', '8', 2, '1'),
(120, 15, 200, 2, 1, 4, 1, '1551428441', '1551429050', '11', 2, '1'),
(121, 15, 200, 4, 1, 4, 1, '1551432974', '1551433593', '6', 3, '1'),
(122, 15, 201, 1, 1, 4, 1, '1551424303', '1551424499', '4', 3, '1'),
(123, 15, 201, 2, 1, 4, 1, '1551429063', '1551430676', '11', 2, '1'),
(124, 15, 202, 1, 4, 4, 1, '1551375984', '1551424505', '7', 3, '1'),
(125, 15, 202, 3, 4, 4, 1, '1551423045', '1551428328', '11', 2, '1'),
(126, 17, 109, 6, 1, 4, 1, '1551704378', '1551704390', '19', 3, '1'),
(127, 19, 204, 1, 20, 3, 1, '1551883559', '', '21', 2, '1'),
(128, 19, 204, 2, 20, 2, 1, '1551944767', '', '404', 2, '1'),
(129, 20, 206, 2, 5, 4, 1, '1551682037', '1551944816', '80', 2, '1'),
(130, 21, 89, 6, 2, 4, 1, '1551786607', '1551788408', '44', 3, '1'),
(131, 21, 53, 6, 6, 4, 1, '1551775440', '1551786520', '108', 3, '1'),
(132, 21, 207, 1, 2, 4, 1, '1551685870', '1551685911', '7', 3, '1'),
(133, 21, 207, 3, 2, 4, 1, '1551690633', '1551692134', '17', 2, '1'),
(134, 21, 207, 2, 2, 4, 1, '1551701554', '1551701580', '25', 2, '1'),
(135, 21, 207, 4, 2, 4, 1, '1551695393', '1551695780', '13', 3, '1'),
(136, 21, 208, 1, 2, 4, 1, '1551685882', '1551685919', '7', 3, '1'),
(137, 21, 208, 2, 2, 4, 1, '', '', '25', 0, '1'),
(138, 21, 209, 1, 2, 4, 1, '1551685890', '1551685944', '5', 3, '1'),
(139, 21, 209, 3, 2, 4, 1, '1551698415', '1551700367', '7', 2, '1'),
(140, 21, 210, 1, 6, 4, 1, '1551685803', '1551685825', '19', 3, '1'),
(141, 21, 210, 3, 6, 4, 1, '1551697767', '1551700352', '43', 2, '1'),
(142, 21, 210, 2, 6, 4, 1, '1551701546', '1551701572', '85', 2, '1'),
(143, 21, 210, 4, 6, 4, 1, '1551774243', '1551774873', '37', 3, '1'),
(144, 21, 211, 1, 6, 4, 1, '1551685816', '1551685847', '19', 3, '1'),
(145, 21, 211, 2, 6, 4, 1, '', '', '181', 0, '1'),
(146, 22, 86, 6, 3, 4, 1, '1551783727', '1551785521', '57', 3, '1'),
(147, 22, 200, 1, 3, 4, 1, '1551695294', '1551695327', '10', 3, '1'),
(148, 22, 200, 3, 3, 4, 1, '1551689858', '1551690600', '22', 2, '1'),
(149, 22, 200, 2, 3, 4, 1, '1551701521', '1551701563', '31', 2, '1'),
(150, 22, 200, 4, 3, 4, 1, '1551695788', '1551696256', '16', 3, '1'),
(151, 22, 201, 1, 3, 4, 1, '1551695301', '1551695339', '10', 3, '1'),
(152, 22, 201, 2, 3, 4, 1, '', '', '31', 0, '1'),
(153, 22, 202, 1, 12, 4, 1, '1551695310', '1551695347', '19', 3, '1'),
(154, 22, 202, 3, 12, 4, 1, '1551698413', '1551700358', '31', 2, '1'),
(155, 23, 89, 6, 6, 4, 1, '1551864349', '1551872205', '132', 3, '1'),
(156, 23, 207, 1, 6, 4, 1, '1551775561', '1551780371', '19', 2, '1'),
(157, 23, 207, 3, 6, 4, 1, '1551701438', '1551701472', '49', 2, '1'),
(158, 23, 207, 2, 6, 4, 1, '1551853719', '1551855488', '73', 2, '1'),
(159, 23, 207, 4, 6, 4, 1, '1551793411', '1551793933', '37', 3, '1'),
(160, 23, 208, 1, 6, 4, 1, '1551775546', '1551780346', '19', 2, '1'),
(161, 23, 208, 2, 6, 4, 1, '1551795408', '1551855492', '73', 2, '1'),
(162, 23, 209, 1, 6, 4, 1, '1551775552', '1551780356', '13', 2, '1'),
(163, 23, 209, 3, 6, 4, 1, '1551701446', '1551701457', '19', 2, '1'),
(164, 25, 199, 6, 1, 4, 1, '1551703282', '1551704336', '10', 3, '0'),
(165, 24, 34, 6, 1, 4, 1, '1551795557', '1551796098', '20', 3, '1'),
(166, 24, 212, 1, 1, 4, 1, '1551775012', '1551775499', '3', 2, '1'),
(167, 24, 212, 2, 1, 4, 1, '1551795296', '1551795311', '15', 2, '1'),
(168, 24, 212, 5, 1, 4, 1, '1551790274', '1551795543', '15', 3, '1'),
(169, 24, 213, 1, 1, 4, 1, '1551775015', '1551775509', '4', 2, '1'),
(170, 24, 213, 4, 1, 4, 1, '1551878923', '1551878928', '7', 3, '1'),
(171, 24, 213, 3, 1, 4, 1, '1551784971', '1551785368', '11', 2, '1'),
(172, 25, 199, 6, 1, 4, 1, '1551703282', '1551704336', '10', 3, '1'),
(173, 25, 2, 6, 1, 4, 1, '1551790795', '1551862597', '19', 3, '1'),
(174, 25, 97, 1, 1, 4, 1, '1551774423', '1551774986', '4', 2, '1'),
(175, 25, 97, 2, 1, 4, 1, '1551861202', '1551861854', '11', 2, '1'),
(176, 25, 104, 1, 1, 4, 1, '1551774416', '1551774993', '4', 2, '1'),
(177, 25, 104, 3, 1, 4, 1, '1551784212', '1551784946', '8', 2, '1'),
(178, 25, 104, 4, 1, 4, 1, '1551788683', '1551788836', '6', 3, '1'),
(179, 25, 105, 1, 4, 4, 1, '1551774406', '1551774978', '7', 2, '1'),
(180, 25, 105, 3, 4, 4, 1, '1551784218', '1551784953', '11', 2, '1'),
(181, 26, 36, 6, 1, 4, 1, '1551857506', '1551864327', '22', 3, '1'),
(182, 26, 37, 6, 1, 4, 1, '1551857845', '1551862046', '22', 3, '1'),
(183, 26, 37, 6, 2, 4, 1, '1551857845', '1551862046', '44', 3, '1'),
(184, 26, 144, 6, 1, 4, 1, '1551794647', '1551871387', '24', 3, '1'),
(185, 26, 214, 1, 1, 4, 1, '1551771122', '1551771488', '6', 2, '1'),
(186, 26, 214, 2, 1, 4, 1, '1551861203', '1551861864', '15', 2, '1'),
(187, 26, 214, 5, 1, 4, 1, '1551855077', '1551855939', '20', 3, '1'),
(188, 26, 215, 1, 1, 4, 1, '1551767630', '1551768712', '4', 2, '1'),
(189, 26, 215, 3, 1, 4, 1, '1551788909', '1551788937', '9', 2, '1'),
(190, 26, 215, 2, 1, 4, 1, '1551855967', '1551856360', '13', 2, '1'),
(191, 26, 215, 4, 1, 4, 1, '1551790052', '1551790186', '7', 3, '1'),
(192, 26, 217, 1, 1, 4, 1, '1551767615', '1551768640', '4', 2, '1'),
(193, 26, 217, 3, 1, 4, 1, '1551788903', '1551788934', '9', 2, '1'),
(194, 26, 217, 2, 1, 4, 1, '1551855521', '1551857519', '13', 2, '1'),
(195, 26, 217, 4, 1, 4, 1, '1551789642', '1551794416', '7', 3, '1'),
(196, 26, 218, 1, 1, 4, 1, '1551766857', '1551768699', '7', 2, '1'),
(197, 26, 218, 2, 1, 4, 1, '1551857564', '1551861109', '20', 2, '1'),
(198, 26, 218, 5, 1, 4, 1, '1551797178', '1551855069', '20', 3, '1'),
(199, 26, 217, 1, 2, 4, 1, '1551767615', '1551768640', '7', 2, '1'),
(200, 26, 217, 3, 2, 4, 1, '1551788903', '1551788934', '17', 2, '1'),
(201, 26, 217, 2, 2, 4, 1, '1551855521', '1551857519', '25', 2, '1'),
(202, 26, 217, 4, 2, 4, 1, '1551789642', '1551794416', '13', 3, '1'),
(203, 26, 218, 1, 2, 4, 1, '1551766857', '1551768699', '12', 2, '1'),
(204, 26, 218, 2, 2, 4, 1, '1551857564', '1551861109', '35', 2, '1'),
(205, 26, 218, 5, 2, 4, 1, '1551797178', '1551855069', '35', 3, '1'),
(206, 27, 3, 6, 3, 4, 1, '1551791249', '1551863698', '50', 3, '1'),
(207, 27, 219, 1, 3, 4, 1, '1551771511', '1551773465', '10', 2, '1'),
(208, 27, 219, 3, 3, 4, 1, '1551785376', '1551788860', '22', 2, '1'),
(209, 27, 219, 2, 3, 4, 1, '1551878392', '1551878397', '31', 2, '1'),
(210, 27, 219, 4, 3, 4, 1, '1551788853', '1551789285', '16', 3, '1'),
(211, 27, 220, 1, 3, 4, 1, '1551771504', '1551773453', '7', 2, '1'),
(212, 27, 220, 3, 3, 4, 1, '1551784980', '1551788865', '8.5', 2, '1'),
(213, 27, 221, 1, 3, 4, 1, '1551771513', '1551773441', '7', 2, '1'),
(214, 27, 221, 2, 3, 4, 1, '1551861208', '1551861869', '50', 2, '1'),
(215, 28, 199, 6, 1, 4, 1, '1551860933', '1551861351', '10', 3, '1'),
(216, 29, 5, 1, 2, 4, 1, '1551871819', '1551871840', '5', 2, '1'),
(217, 29, 5, 3, 2, 4, 1, '1551788945', '1551788950', '15', 2, '1'),
(218, 29, 5, 4, 2, 4, 1, '1551878411', '1551878810', '11', 3, '1'),
(219, 30, 115, 1, 1, 4, 1, '1551871889', '1551871897', '4', 2, '1'),
(220, 30, 115, 3, 1, 4, 1, '1551788943', '1551788954', '7', 2, '1'),
(221, 30, 115, 2, 1, 4, 1, '1551878367', '1551878370', '11', 2, '1'),
(222, 30, 115, 4, 1, 4, 1, '1551879127', '1551879457', '6', 3, '1'),
(223, 31, 185, 6, 1, 4, 1, '1551880433', '1551881877', '15', 3, '1'),
(224, 32, 112, 6, 1, 4, 1, '1551879561', '1551880424', '24', 3, '1'),
(225, 32, 183, 1, 1, 4, 1, '', '', '4', 0, '1'),
(226, 32, 183, 3, 1, 4, 1, '1551872238', '1551872241', '7', 2, '1'),
(227, 32, 183, 2, 1, 4, 1, '1551878376', '1551878379', '11', 2, '1'),
(228, 32, 183, 4, 1, 4, 1, '1551878999', '1551879119', '6', 3, '1'),
(229, 32, 184, 1, 1, 4, 1, '1551871914', '1551871932', '4', 2, '1'),
(230, 32, 184, 2, 1, 4, 1, '1551878383', '1551878385', '26', 2, '1'),
(231, 33, 204, 1, 1, 1, 1, '', '', '2', 0, '1'),
(232, 33, 204, 2, 1, 1, 1, '', '', '29', 0, '1'),
(233, 35, 91, 6, 2, 1, 1, '', '', '45', 0, '1'),
(234, 35, 222, 1, 2, 4, 1, '1551883576', '1551883581', '9', 2, '1'),
(235, 35, 222, 3, 2, 4, 1, '1551944745', '1551944747', '31', 2, '1'),
(236, 35, 222, 2, 2, 1, 1, '', '', '35', 0, '1'),
(237, 35, 222, 4, 2, 1, 1, '', '', '23', 0, '1'),
(238, 35, 223, 1, 2, 4, 1, '1551883563', '1551883565', '16', 2, '1'),
(239, 35, 223, 2, 2, 1, 1, '', '', '50', 0, '1'),
(240, 35, 224, 1, 8, 4, 1, '1551883569', '1551883572', '17', 2, '1'),
(241, 35, 224, 3, 8, 4, 1, '1551883487', '1551944686', '42', 2, '1'),
(242, 36, 173, 6, 1, 1, 1, '', '', '22', 0, '1'),
(243, 36, 225, 1, 1, 1, 1, '', '', '5', 0, '1'),
(244, 36, 225, 2, 1, 4, 1, '1551944792', '1551944802', '20', 2, '1'),
(245, 36, 226, 1, 1, 1, 1, '', '', '3', 0, '1'),
(246, 36, 226, 3, 1, 4, 1, '1551944740', '1551944743', '4', 2, '1'),
(247, 36, 227, 1, 1, 1, 1, '', '', '4', 0, '1'),
(248, 36, 227, 4, 1, 1, 1, '', '', '7', 0, '1'),
(249, 36, 227, 3, 1, 4, 1, '1551944707', '1551944718', '11', 2, '1'),
(250, 37, 17, 1, 3, 1, 1, '', '', '10', 0, '1'),
(251, 37, 17, 4, 3, 1, 1, '', '', '19', 0, '1'),
(252, 37, 17, 3, 3, 4, 1, '1551944728', '1551944733', '31', 2, '1'),
(253, 39, 199, 6, 1, 4, 1, '1551950300', '1551951045', '10', 3, '1'),
(254, 40, 231, 1, 2, 1, 1, '', '', '7', 0, '1'),
(255, 40, 231, 3, 2, 4, 1, '1551949096', '1551949102', '15', 2, '1'),
(256, 40, 231, 2, 2, 1, 1, '', '', '21', 0, '1'),
(257, 40, 231, 4, 2, 1, 1, '', '', '11', 0, '1'),
(258, 40, 232, 1, 8, 1, 1, '', '', '17', 0, '1'),
(259, 40, 232, 3, 8, 1, 1, '', '', '21', 0, '1'),
(260, 40, 233, 1, 2, 1, 1, '', '', '7', 0, '1'),
(261, 40, 233, 2, 2, 1, 1, '', '', '21', 0, '1'),
(262, 41, 234, 6, 2, 1, 1, '', '', '48', 0, '1'),
(263, 41, 235, 1, 2, 1, 1, '', '', '11', 0, '1'),
(264, 41, 235, 2, 2, 1, 1, '', '', '24', 0, '1'),
(265, 41, 235, 3, 2, 1, 1, '', '', '45', 0, '1'),
(266, 41, 235, 5, 2, 1, 1, '', '', '53', 0, '1'),
(267, 41, 237, 1, 2, 1, 1, '', '', '5', 0, '1'),
(268, 41, 237, 3, 2, 1, 1, '', '', '35', 0, '1'),
(269, 41, 237, 4, 2, 1, 1, '', '', '12', 0, '1'),
(270, 43, 4, 6, 20, 1, 1, '', '', '385', 0, '1'),
(271, 43, 180, 1, 20, 1, 1, '', '', '61', 0, '1'),
(272, 43, 180, 3, 20, 1, 1, '', '', '141', 0, '1'),
(273, 43, 180, 2, 20, 1, 1, '', '', '201', 0, '1'),
(274, 43, 180, 4, 20, 1, 1, '', '', '101', 0, '1'),
(275, 43, 181, 1, 20, 1, 1, '', '', '61', 0, '1'),
(276, 43, 181, 2, 20, 1, 1, '', '', '201', 0, '1'),
(277, 43, 182, 1, 80, 1, 1, '', '', '161', 0, '1'),
(278, 43, 182, 3, 80, 1, 1, '', '', '201', 0, '1'),
(279, 45, 3, 6, 1, 1, 1, '', '', '20', 0, '1'),
(280, 45, 219, 1, 1, 1, 1, '', '', '4', 0, '1'),
(281, 45, 219, 3, 1, 1, 1, '', '', '8', 0, '1'),
(282, 45, 219, 2, 1, 1, 1, '', '', '11', 0, '1'),
(283, 45, 219, 4, 1, 1, 1, '', '', '6', 0, '1'),
(284, 45, 220, 1, 1, 1, 1, '', '', '3', 0, '1'),
(285, 45, 220, 3, 1, 1, 1, '', '', '3.5', 0, '1'),
(286, 45, 221, 1, 1, 1, 1, '', '', '3', 0, '1'),
(287, 45, 221, 2, 1, 1, 1, '', '', '20', 0, '1'),
(288, 44, 91, 6, 1, 1, 1, '', '', '25', 0, '1'),
(289, 44, 222, 1, 1, 1, 1, '', '', '5', 0, '1'),
(290, 44, 222, 3, 1, 1, 1, '', '', '16', 0, '1'),
(291, 44, 222, 2, 1, 1, 1, '', '', '20', 0, '1'),
(292, 44, 222, 4, 1, 1, 1, '', '', '13', 0, '1'),
(293, 44, 223, 1, 1, 1, 1, '', '', '9', 0, '1'),
(294, 44, 223, 2, 1, 1, 1, '', '', '30', 0, '1'),
(295, 44, 224, 1, 4, 1, 1, '', '', '9', 0, '1'),
(296, 44, 224, 3, 4, 1, 1, '', '', '22', 0, '1'),
(297, 46, 36, 6, 1, 1, 1, '', '', '27', 0, '1'),
(298, 46, 33, 6, 1, 1, 1, '', '', '25', 0, '1'),
(299, 46, 214, 1, 1, 1, 1, '', '', '6', 0, '1'),
(300, 46, 214, 2, 1, 1, 1, '', '', '15', 0, '1'),
(301, 46, 214, 5, 1, 1, 1, '', '', '20', 0, '1'),
(302, 46, 215, 1, 1, 1, 1, '', '', '4', 0, '1'),
(303, 46, 215, 3, 1, 1, 1, '', '', '9', 0, '1'),
(304, 46, 215, 2, 1, 1, 1, '', '', '13', 0, '1'),
(305, 46, 215, 4, 1, 1, 1, '', '', '7', 0, '1'),
(306, 46, 46, 1, 1, 1, 1, '', '', '4', 0, '1'),
(307, 46, 46, 2, 1, 1, 1, '', '', '20', 0, '1'),
(308, 46, 46, 5, 1, 1, 1, '', '', '24', 0, '1'),
(309, 46, 239, 1, 1, 1, 1, '', '', '4', 0, '1'),
(310, 46, 239, 3, 1, 1, 1, '', '', '8', 0, '1'),
(311, 46, 239, 4, 1, 1, 1, '', '', '6', 0, '1'),
(312, 47, 240, 6, 2, 1, 1, '', '', '32', 0, '1'),
(313, 47, 240, 7, 2, 1, 1, '', '', '38', 0, '1'),
(314, 47, 242, 1, 2, 1, 1, '', '', '10', 0, '1'),
(315, 47, 242, 2, 2, 1, 1, '', '', '25', 0, '1'),
(316, 47, 243, 1, 2, 1, 1, '', '', '8', 0, '1'),
(317, 47, 243, 3, 2, 1, 1, '', '', '18', 0, '1'),
(318, 47, 243, 2, 2, 1, 1, '', '', '22', 0, '1'),
(319, 47, 243, 4, 2, 1, 1, '', '', '18', 0, '1');

-- --------------------------------------------------------

--
-- Структура таблицы `order_action_states`
--

CREATE TABLE `order_action_states` (
  `id` int(11) NOT NULL,
  `id_action` int(11) NOT NULL COMMENT 'order action',
  `type_action` varchar(50) NOT NULL,
  `state` tinyint(3) NOT NULL,
  `time` varchar(100) NOT NULL,
  `id_worker` int(11) NOT NULL,
  `status` enum('0','1') NOT NULL DEFAULT '1'
) ENGINE=MyISAM DEFAULT CHARSET=utf8 ROW_FORMAT=DYNAMIC;

-- --------------------------------------------------------

--
-- Структура таблицы `order_action_unplan`
--

CREATE TABLE `order_action_unplan` (
  `id` int(11) NOT NULL,
  `id_order` int(11) NOT NULL,
  `qty` int(11) NOT NULL,
  `state` tinyint(3) NOT NULL,
  `prod_symbol` varchar(100) NOT NULL,
  `prod_name` varchar(100) NOT NULL,
  `action_name` varchar(255) NOT NULL,
  `time_start` varchar(100) NOT NULL,
  `time_end` varchar(100) NOT NULL,
  `time_manufac` varchar(100) NOT NULL,
  `id_worker` int(11) NOT NULL,
  `note` text NOT NULL,
  `status` enum('0','1') NOT NULL DEFAULT '1'
) ENGINE=MyISAM DEFAULT CHARSET=utf8;

--
-- Дамп данных таблицы `order_action_unplan`
--

INSERT INTO `order_action_unplan` (`id`, `id_order`, `qty`, `state`, `prod_symbol`, `prod_name`, `action_name`, `time_start`, `time_end`, `time_manufac`, `id_worker`, `note`, `status`) VALUES
(1, 26, 1, 4, 'Гильза', 'АДВ 25', 'Порезка заготовки', '1551797088', '1551797121', '5', 2, '', '1'),
(2, 26, 1, 4, 'Шток', 'АДВ 25', 'Порезка заготовки', '1551797093', '1551797123', '5', 2, '', '1'),
(3, 26, 1, 4, 'Гильза', 'АДВ 25', 'Ток. обработка на УН', '1551797108', '1551797125', '15', 2, '', '1'),
(4, 26, 1, 4, 'Шток', 'АДВ 25', 'Ток. обработка на ЧПУ', '1551797126', '1551797129', '15', 2, '2 стороны', '1'),
(5, 26, 1, 4, 'Гильза', 'АДВ 25', 'Слесарные операции', '1551797127', '1551797131', '15', 2, '', '1'),
(6, 26, 1, 4, 'Шток', 'АДВ 25', 'Фрезерование', '1551796284', '1551796293', '8', 3, '', '1'),
(7, 30, 1, 4, 'Шток', '08', 'Порезка заготовки', '1551872227', '1551872229', '5', 2, '', '1'),
(8, 30, 1, 4, 'Шток', '8', 'Ток. обработка на ЧПУ', '1551872230', '1551872233', '5', 2, '', '1'),
(9, 30, 1, 4, 'MAL-ROD-8', 'Шток', 'Фрезерование', '1551872220', '1551872225', '5', 2, '', '1'),
(10, 30, 1, 4, 'MAL-ROD-8', 'Шток', 'Ток. обработка на УН', '1551872200', '1551872204', '15', 2, '', '1'),
(11, 34, 2, 4, 'Пила', 'Пайка', 'Пайка пилы', '1551870132', '1551871361', '20', 3, '', '1'),
(12, 34, 2, 1, 'Пила', 'Пайка', 'Пайка пилы', '', '', '20', 0, '', '0'),
(13, 36, 3, 1, 'SC-TR-H-10', 'Шпилька 10мм', 'Порезка заготовки', '', '', '15', 0, '', '1'),
(14, 36, 3, 1, 'SC-TR-H-10', 'Шпилька 10мм', 'Ток. обработка на ЧПУ', '', '', '20', 0, '', '1'),
(15, 38, 1, 1, 'Шкаф', '', 'Слесарные операции', '', '', '90', 0, '', '1'),
(16, 38, 1, 1, 'Шкаф', '', 'Сборочные операции', '', '', '90', 0, '', '1'),
(17, 42, 22, 1, 'У Борисовны есть переходники для РАТОВ', 'переходники', 'Слесарные операции', '', '', '20', 0, '', '1');

-- --------------------------------------------------------

--
-- Структура таблицы `order_content`
--

CREATE TABLE `order_content` (
  `id` int(11) NOT NULL,
  `id_prod` int(11) NOT NULL,
  `quantity` int(11) NOT NULL,
  `id_order` int(11) NOT NULL,
  `status` enum('1','2') NOT NULL DEFAULT '1'
) ENGINE=MyISAM DEFAULT CHARSET=utf8;

--
-- Дамп данных таблицы `order_content`
--

INSERT INTO `order_content` (`id`, `id_prod`, `quantity`, `id_order`, `status`) VALUES
(1, 50, 2, 1, '1'),
(2, 145, 2, 2, '1'),
(3, 172, 1, 4, '1'),
(4, 143, 3, 6, '1'),
(5, 4, 2, 7, '1'),
(6, 4, 1, 8, '1'),
(7, 185, 1, 3, '1'),
(8, 172, 1, 5, '1'),
(9, 172, 2, 5, '1'),
(10, 112, 1, 5, '1'),
(11, 113, 1, 5, '1'),
(12, 90, 2, 11, '1'),
(13, 90, 2, 11, '1'),
(14, 198, 1, 11, '1'),
(15, 75, 1, 11, '1'),
(16, 199, 1, 12, '1'),
(17, 76, 1, 13, '1'),
(18, 17, 1, 4, '1'),
(19, 172, 1, 4, '1'),
(20, 4, 2, 14, '1'),
(21, 185, 1, 16, '1'),
(22, 86, 1, 15, '1'),
(23, 109, 1, 17, '1'),
(24, 204, 20, 19, '1'),
(25, 206, 5, 20, ''),
(26, 206, 5, 20, ''),
(27, 206, 5, 20, '1'),
(28, 89, 2, 21, '1'),
(29, 53, 6, 21, '1'),
(30, 86, 3, 22, '1'),
(31, 89, 6, 23, '1'),
(32, 34, 1, 24, '1'),
(33, 199, 1, 25, '1'),
(34, 2, 1, 25, '1'),
(35, 36, 1, 26, '1'),
(36, 37, 1, 26, '1'),
(37, 37, 2, 26, '1'),
(38, 144, 1, 26, '1'),
(39, 3, 3, 27, '1'),
(40, 199, 1, 28, '1'),
(41, 5, 2, 29, '1'),
(42, 115, 2, 30, '1'),
(43, 185, 1, 31, '1'),
(44, 112, 1, 32, '1'),
(45, 204, 1, 33, '1'),
(46, 91, 2, 35, '1'),
(47, 173, 1, 36, '1'),
(48, 17, 3, 37, '1'),
(49, 199, 1, 39, '1'),
(50, 87, 2, 40, '1'),
(51, 234, 2, 41, '1'),
(52, 4, 20, 43, '1'),
(53, 3, 1, 45, '1'),
(54, 91, 1, 44, '1'),
(55, 36, 1, 46, '1'),
(56, 6, 1, 46, ''),
(57, 33, 1, 46, '1'),
(58, 240, 2, 47, '1');

-- --------------------------------------------------------

--
-- Структура таблицы `order_positions`
--

CREATE TABLE `order_positions` (
  `id` int(11) NOT NULL,
  `id_order` int(11) NOT NULL,
  `symbol` varchar(100) NOT NULL,
  `qty` int(5) NOT NULL COMMENT 'quantity',
  `note` varchar(255) NOT NULL,
  `status` enum('0','1') NOT NULL DEFAULT '1'
) ENGINE=MyISAM DEFAULT CHARSET=utf8;

--
-- Дамп данных таблицы `order_positions`
--

INSERT INTO `order_positions` (`id`, `id_order`, `symbol`, `qty`, `note`, `status`) VALUES
(1, 1, 'SC-SDA-20x20-B', 2, '', '1'),
(2, 2, 'SC-ADV-32x15-S', 2, '', '1'),
(3, 3, 'SCBV-Q611-16FC-15-RAT032-ITS100', 8, '', '1'),
(4, 4, 'SC-SWR-80X400-S', 1, '', '1'),
(5, 5, 'SC-SE/SR-TC-80-U', 3, 'Переделать под SR цилиндр(+ фрезеровка)', '1'),
(6, 5, 'SC-SE/SR-TCB-80-U', 3, '3 пары по чертежу SE', '1'),
(7, 5, 'SC-MAL-CM-32x40-S', 1, '', '1'),
(8, 5, 'SC-MAL-CM-40x60-S', 1, '', '1'),
(9, 5, 'SC-SR-80x250-S', 1, '', '1'),
(10, 5, 'SC-SR-80x250-S', 2, '', '1'),
(11, 6, 'SC-ADV-20x5-S', 3, 'Сделать 3штока с наружной резьбой, для этих цилиндров', '1'),
(12, 7, 'SC-SR-63x80-S', 2, '', '1'),
(13, 8, 'SC-SR-63x80-S', 1, '', '1'),
(14, 9, 'SF-Z2520 1/8-M5-U', 20, 'Материал сталь по чертежу', '1'),
(15, 10, '20x30x10,4K51 PU', 8, 'Ущильнення', '1'),
(16, 10, '100x88x8.5 K50 PU', 8, 'Манжета пневматична', '1'),
(17, 11, 'SC-SC-125x160-S', 2, '', '1'),
(18, 11, 'SC-SC-125x250-S', 2, '', '1'),
(19, 11, 'SC-SR-PIPE-125x200', 1, 'SC-SC-125x160-S под него', '1'),
(20, 11, 'SC-SC-KITS-125-PISTON-S', 1, 'SC-SC-125x160-S под него', '1'),
(21, 11, 'SC-ROD-25-C01', 1, 'Шток под SC-SC-125x160-S + гайка', '1'),
(22, 12, 'SA-CU40-15', 8, '', '1'),
(23, 13, 'SC-ROD-30X240', 2, '', '1'),
(24, 14, 'SC-SR-63X300-S', 2, '', '1'),
(25, 15, 'SC-SC-50X600-S', 1, '', '1'),
(26, 16, 'SCBF-D671-16FZ-250-RAT125-DA', 1, '', '1'),
(27, 17, 'SC-MAL-16X150-S', 1, '', '1'),
(28, 19, 'SF-Z2543 1/8-1/4-U', 1, '', '1'),
(29, 20, 'Барабан', 5, '', '1'),
(30, 21, 'SC-SC-100X400-S', 2, '', '1'),
(31, 21, 'SC-SDA-40X30-B', 6, '', '1'),
(32, 22, 'SC-SC-50X100-S', 3, '', '1'),
(33, 23, 'SC-SC-100X260-S', 6, '', '1'),
(34, 24, 'SC-SWE-50X85-S', 1, 'Срочно', '1'),
(35, 25, 'SA-CU20-08', 1, '', '1'),
(36, 25, 'SC-SR-40X50-S', 1, '', '1'),
(37, 26, 'SC-SWE-80X80-S', 1, '', '1'),
(38, 26, 'SC-SWE-100X200-S', 1, '', '1'),
(39, 26, 'SC-SWE-100X60-S', 2, '', '1'),
(40, 26, 'SC-ADV-25X20-S-B', 1, '', '1'),
(41, 27, 'SC-SR-50X50-S', 3, '', '1'),
(42, 28, 'SA-FU40-15', 1, '', '1'),
(43, 29, 'SC-ROD-12-410-C01', 2, 'штока на SR-32X280', '1'),
(44, 30, 'SC-ROD-8X185-C01', 1, '', '1'),
(45, 31, 'SCBF-D671-16FZ-50-RAT052-APL', 1, '', '1'),
(46, 32, 'SC-MAL-32X500-S', 1, '', '1'),
(47, 33, 'SF-Z2601 12-1/2-U', 30, 'Нет материала', '1'),
(48, 34, 'Пайка пилы', 2, '', '1'),
(49, 35, 'SC-SC-160X100-S-C01', 2, '', '1'),
(50, 36, 'SC-SR-100X100-S', 1, '', '1'),
(51, 37, 'SC-ROD-25-C01', 3, '', '1'),
(52, 38, 'SO-BOX-504', 1, '', '1'),
(53, 39, 'SA-WU20-08', 1, 'SA-FU20-08', '1'),
(54, 40, 'SC-SC-63X200-S', 2, '', '1'),
(55, 41, 'SC-SDA-25X5-B', 2, '', '1'),
(56, 42, 'У Борисовны есть переходники для РАТОВ', 22, '', '1'),
(57, 43, 'SC-SR-63X100/530-T2-S-C01', 10, '', '1'),
(58, 44, 'SC-SC-160', 1, '', '1'),
(59, 45, 'SC-SR-50', 1, '', '1'),
(60, 46, 'SC-SE-40X40-S', 1, '', '1'),
(61, 46, 'SC-SE-80X200-S', 1, '', '1'),
(62, 47, 'SC-MS-16X60-S', 2, '', '1');

-- --------------------------------------------------------

--
-- Структура таблицы `products`
--

CREATE TABLE `products` (
  `id` int(11) NOT NULL,
  `symbol` varchar(100) NOT NULL,
  `name` varchar(255) NOT NULL,
  `id_parent` int(11) NOT NULL,
  `quantity` int(11) NOT NULL,
  `type` int(11) NOT NULL,
  `note` text NOT NULL,
  `status` enum('0','1') NOT NULL DEFAULT '1'
) ENGINE=MyISAM DEFAULT CHARSET=utf8;

--
-- Дамп данных таблицы `products`
--

INSERT INTO `products` (`id`, `symbol`, `name`, `id_parent`, `quantity`, `type`, `note`, `status`) VALUES
(1, 'SC-SR-32', 'Пневмоцилиндр', 14, 1, 2, '', '1'),
(2, 'SC-SR-40', 'Пневмоцилиндр', 14, 1, 2, '', '1'),
(3, 'SC-SR-50', 'Пневмоцилиндр', 14, 1, 2, '', '1'),
(4, 'SC-SR-63', 'Пневмоцилиндр', 14, 1, 2, '', '1'),
(5, 'SR/SE-ROD-12', 'Шток', 16, 1, 4, '', '1'),
(6, 'SR/SE-ROD-16', 'Шток', 16, 1, 4, '', '1'),
(7, 'SR-PIPE-32', 'Гильза', 95, 1, 4, '', '0'),
(8, 'SR-PIPE-40', 'Гильза', 95, 1, 4, '', '1'),
(9, '', 'Производство', 0, 0, 1, '', '1'),
(10, '', 'Готовая продукция', 9, 0, 1, '', '1'),
(11, '', 'Узлы и детали', 9, 0, 1, '', '1'),
(12, '', 'Пневмоцилиндры', 10, 0, 1, '', '1'),
(13, '', 'Пневмоцилиндры', 11, 0, 1, 'запчасти', '1'),
(14, '', 'Серия SR', 12, 0, 1, '', '1'),
(47, '', 'Серия SDA', 12, 0, 1, '', '1'),
(48, 'SC-SDA-12', 'Пневмоцилиндр', 47, 1, 0, '', '1'),
(15, 'SR/SE-ROD-20', 'Шток', 16, 1, 4, '', '1'),
(16, '', 'Серия SR/SE', 20, 0, 1, '', '1'),
(17, 'SR/SE-ROD-25', 'Шток', 16, 1, 4, '', '1'),
(18, 'SR/SE-ROD-32', 'Шток', 16, 1, 4, '', '1'),
(19, 'SR/SE-ROD-40', 'Шток', 16, 1, 4, '', '1'),
(20, '', 'Штока', 10, 0, 1, '', '1'),
(21, '', 'Гильзы', 10, 0, 1, '', '1'),
(22, '', 'Шпильки', 10, 0, 1, '', '1'),
(23, '', 'Серия SE', 12, 0, 1, '', '1'),
(24, '', 'Серия SC', 20, 0, 1, '', '1'),
(25, 'SC-TR-H-6', 'Шпилька 6мм', 22, 1, 4, '', '1'),
(26, 'SC-TR-H-8', 'Шпилька 8мм', 22, 1, 4, '', '1'),
(27, 'SC-TR-H-10', 'Шпилька 10мм', 22, 1, 4, '', '1'),
(28, 'SC-TR-H-12', 'Шпилька 12мм', 22, 1, 4, '', '1'),
(29, 'SC-TR-H-16', 'Шпилька 16мм', 22, 1, 4, '', '1'),
(30, 'SC-SR/SE-ROD-12', 'Шток', 16, 1, 4, '', ''),
(31, 'SC-TR-H-6', 'Шпилька 6мм', 1, 1, 4, '', '0'),
(32, 'SC-SE-32', 'Пневмоцилиндр', 23, 1, 2, '', '1'),
(33, 'SC-SE-40', 'Пневмоцилиндр', 23, 1, 2, '', '1'),
(34, 'SC-SE-50', 'Пневмоцилиндр', 23, 1, 2, '', '1'),
(35, 'SC-SE-63', 'Пневмоцилиндр', 23, 1, 2, '', '1'),
(36, 'SC-SE-80', 'Пневмоцилиндр', 23, 1, 2, '', '1'),
(37, 'SC-SE-100 ', 'Пневмоцилиндр', 23, 1, 2, '', '1'),
(38, 'SC-SR/SE-ROD-16', 'Шток', 16, 1, 4, '', ''),
(39, '', 'Серия SE', 21, 1, 0, '', '1'),
(40, 'SE-PIPE-32', 'Гильза', 39, 1, 4, '', '1'),
(41, 'SE-PIPE-40', 'Гильза', 39, 1, 0, '', '1'),
(42, 'SE-PIPE-50', 'Гильза', 39, 1, 4, '', '1'),
(43, 'SE-PIPE-63', 'Гильза', 39, 1, 4, '', '1'),
(44, 'SE-PIPE-80', 'Гильза', 39, 1, 4, '', '1'),
(45, 'SE-PIPE-100', 'Гильза', 39, 1, 4, '', '1'),
(46, 'SC-SE-PIPE-40', 'Гильза', 33, 1, 4, '', '1'),
(49, 'SC-SDA-16', 'Пневмоцилиндр', 47, 1, 0, '', '1'),
(50, 'SC-SDA-20', 'Пневмоцилиндр', 47, 1, 2, '', '1'),
(51, 'SC-SDA-25', 'Пневмоцилиндр', 47, 1, 0, '', '1'),
(52, 'SC-SDA-32', 'Пневмоцилиндр', 47, 1, 0, '', '1'),
(53, 'SC-SDA-40', 'Пневмоцилиндр', 47, 1, 2, '', '1'),
(54, '', 'Серия SDA', 21, 1, 0, '', '1'),
(55, 'SDA-PIPE-12', 'Гильза', 54, 1, 0, '', '1'),
(56, 'SDA-PIPE-16', 'Гильза', 54, 1, 0, '', '1'),
(57, 'SDA-PIPE-20', 'Гильза', 54, 1, 0, '', '1'),
(58, 'SDA-PIPE-25', 'Гильза', 54, 1, 4, '', '1'),
(59, 'SDA-PIPE-32', 'Гильза', 54, 1, 0, '', '1'),
(60, 'SDA-PIPE-40', 'Гильза', 54, 1, 4, '', '1'),
(61, '', 'Серия SDA', 20, 0, 1, '', '1'),
(62, 'SDA-ROD-6', 'Шток', 61, 1, 0, '', '1'),
(63, 'SDA-ROD-8', 'Шток', 61, 1, 0, '', '1'),
(64, 'SDA-ROD-10', 'Шток', 61, 1, 4, '', '1'),
(65, 'SDA-ROD-12', 'Шток', 61, 1, 0, '', '1'),
(66, 'SDA-ROD-16', 'Шток', 61, 1, 4, '', '1'),
(67, 'SDA-ROD-20', 'Шток', 61, 1, 0, '', '1'),
(68, 'SDA-ROD-25', 'Шток', 61, 1, 0, '', '1'),
(69, 'SDA-ROD-32', 'Шток', 61, 1, 4, '', '1'),
(70, 'SDA-ROD-10', 'Шток', 51, 1, 4, '', '1'),
(71, 'SDA-PIPE-25', 'Гильза', 51, 1, 4, '', '1'),
(102, 'SR/SE-ROD-12', 'Шток', 1, 1, 4, '', '1'),
(72, 'SC-ROD-12', 'Шток', 24, 1, 4, 'Внутр. резьба', '1'),
(73, 'SC-ROD-16', 'Шток', 24, 1, 4, 'Внутр. резьба', '1'),
(74, 'SC-ROD-20', 'Шток', 24, 1, 4, 'Внутр. резьба', '1'),
(75, 'SC-ROD-25', 'Шток', 24, 1, 4, 'Внутр. резьба', '1'),
(76, 'SC-ROD-32', 'Шток', 24, 1, 4, 'Внутр. резьба', '1'),
(77, 'SC-ROD-40', 'Шток', 24, 1, 4, 'Внутр. резьба', '1'),
(78, 'SC-ROD-12-B', 'Шток', 24, 1, 4, '', '1'),
(79, 'SC-ROD-16-B', 'Шток', 24, 1, 4, '', '1'),
(80, 'SC-ROD-20-B', 'Шток', 24, 1, 4, '', '1'),
(81, 'SC-ROD-25-B', 'Шток', 24, 1, 4, '', '1'),
(82, 'SC-ROD-32-B', 'Шток', 24, 1, 4, '', '1'),
(83, '', 'Серия SC', 12, 0, 1, '', '1'),
(84, 'SC-SC-32', 'Пневмоцилиндр', 83, 1, 0, '', '1'),
(85, 'SC-SC-40', 'Пневмоцилиндр', 83, 1, 0, '', '1'),
(86, 'SC-SC-50', 'Пневмоцилиндр', 83, 1, 2, '', '1'),
(87, 'SC-SC-63', 'Пневмоцилиндр', 83, 1, 4, '', '1'),
(88, 'SC-SC-80', 'Пневмоцилиндр', 83, 1, 0, '', '1'),
(89, 'SC-SC-100', 'Пневмоцилиндр', 83, 1, 2, '', '1'),
(90, 'SC-SC-125', 'Пневмоцилиндр', 83, 1, 2, '', '1'),
(91, 'SC-SC-160', 'Пневмоцилиндр', 83, 1, 4, '', '1'),
(92, 'SC-SC-200', 'Пневмоцилиндр', 83, 1, 0, '', '1'),
(93, '', 'Серия MAL', 20, 0, 0, '', '1'),
(94, '', 'Серия MA', 20, 0, 4, '', '1'),
(95, '', 'Серия SR', 21, 0, 1, '', '1'),
(96, 'SR-PIPE-32', 'Гильза', 95, 1, 4, '', '1'),
(97, 'SR-PIPE-40', 'Гильза', 2, 1, 4, '', '1'),
(98, 'SR-PIPE-50', 'Гильза', 95, 1, 4, '', '1'),
(99, 'SR-PIPE-63', 'Гильза', 95, 1, 4, '', '1'),
(100, 'SR-PIPE-80', 'Гильза', 95, 1, 4, '', '1'),
(101, 'SR-PIPE-100', 'Гильза', 95, 1, 4, '', '1'),
(103, 'SC-TR-H-6', 'Шпилька 6мм', 1, 4, 4, '', '1'),
(104, 'SR/SE-ROD-16', 'Шток', 2, 1, 4, '', '1'),
(105, 'SC-TR-H-6', 'Шпилька 6мм', 2, 4, 4, '', '1'),
(106, 'SR-PIPE-32', 'Гильза', 1, 1, 4, '', '1'),
(107, '', 'Разное цилиндры', 10, 1, 1, '', '1'),
(108, '', 'Серия MAL', 12, 0, 1, '', '1'),
(109, 'SC-MAL-16', 'Пневмоцилиндр', 108, 1, 2, '', '1'),
(110, 'SC-MAL-20', 'Пневмоцилиндр', 108, 1, 2, '', '1'),
(111, 'SC-MAL-25', 'Пневмоцилиндр', 108, 1, 4, '', '1'),
(112, 'SC-MAL-32', 'Пневмоцилиндр', 108, 1, 2, '', '1'),
(113, 'SC-MAL-40', 'Пневмоцилиндр', 108, 1, 2, '', '1'),
(114, 'MAL-ROD-6', 'Шток', 93, 1, 4, '', '1'),
(115, 'MAL-ROD-8', 'Шток', 93, 1, 4, '', '1'),
(116, 'MAL-ROD-10', 'Шток', 93, 1, 4, '', '1'),
(117, 'MAL-ROD-12', 'Шток', 93, 1, 4, '', '1'),
(118, 'MAL-ROD-16', 'Шток', 93, 1, 4, '', '1'),
(119, '', 'Серия MAL', 21, 1, 1, '', '1'),
(120, 'MAL-PIPE-16', 'Гильза', 119, 1, 4, '', '1'),
(121, 'MAL-PIPE-20', 'Гильза', 119, 1, 4, '', '1'),
(122, 'MAL-PIPE-25', 'Гильза', 119, 1, 4, '', '1'),
(123, 'MAL-PIPE-32', 'Гильза', 119, 1, 4, '', '1'),
(124, 'MAL-PIPE-40', 'Гильза', 119, 1, 4, '', '1'),
(125, 'MAL-ROD-8', 'Шток', 110, 1, 4, '', '1'),
(126, 'MAL-PIPE-20', 'Гильза', 110, 1, 4, '', '1'),
(127, 'MAL-ROD-6', 'Шток', 109, 1, 4, '', '1'),
(128, 'MAL-PIPE-16', 'Гильза', 109, 1, 4, '', '1'),
(129, 'MAL-ROD-16', 'Шток', 113, 1, 4, '', '1'),
(130, 'MAL-PIPE-40', 'Гильза', 113, 1, 4, '', '1'),
(131, '', 'Серия MA/MS', 12, 1, 1, '', '1'),
(132, 'SC-MA-10', 'Пневмоцилиндр', 131, 1, 2, '', '1'),
(133, 'MA-ROD-6', 'Шток', 94, 1, 4, '', '1'),
(134, 'MA/MS-ROD-6', 'Шток', 132, 1, 4, '', '1'),
(135, '', 'Серия MS/MA', 21, 1, 4, '', '1'),
(136, 'MS/MA-PIPE-10', 'Гильза', 135, 1, 4, '', '1'),
(137, 'MS/MA-PIPE-10', 'Гильза', 132, 1, 4, '', '1'),
(138, 'SDA-ROD-8', 'Шток', 50, 1, 4, '', '1'),
(139, 'SDA-PIPE-20', 'Гильза', 50, 1, 4, '', '1'),
(140, '', 'Серия ADV', 12, 0, 1, '', '1'),
(141, 'SC-ADV-12', 'Пневмоцилиндр', 140, 1, 2, '', '1'),
(142, 'SC-ADV-16', 'Пневмоцилиндр', 140, 1, 2, '', '1'),
(143, 'SC-ADV-20', 'Пневмоцилиндр', 140, 1, 2, '', '1'),
(144, 'SC-ADV-25', 'Пневмоцилиндр', 140, 1, 2, '', '1'),
(145, 'SC-ADV-32', 'Пневмоцилиндр', 140, 1, 2, '', '1'),
(146, 'SC-ADV-40', 'Пневмоцилиндр', 140, 1, 2, '', '1'),
(147, 'SC-ADV-50', 'Пневмоцилиндр', 140, 1, 2, '', '1'),
(148, 'SC-ADV-60', 'Пневмоцилиндр', 140, 1, 2, '', '1'),
(149, 'SC-ADV-80', 'Пневмоцилиндр', 140, 1, 2, '', '1'),
(150, 'SC-ADV-100', 'Пневмоцилиндр', 140, 1, 2, '', '1'),
(151, '', 'Серия ADV', 20, 1, 1, '', '1'),
(152, 'ADV-ROD-6', 'Шток', 151, 1, 4, '', '1'),
(153, 'ADV-ROD-8', 'Шток', 151, 1, 4, '', '1'),
(154, 'ADV-ROD-10', 'Шток', 151, 1, 4, '', '1'),
(155, 'ADV-ROD-12', 'Шток', 151, 1, 4, '', '1'),
(156, 'ADV-ROD-16', 'Шток', 151, 1, 4, '', '1'),
(157, 'ADV-ROD-20', 'Шток', 151, 1, 4, '', '1'),
(158, 'ADV-ROD-25', 'Шток', 151, 1, 4, '', '1'),
(159, '', 'Серия ADV', 21, 1, 1, '', '1'),
(160, 'ADV-PIPE-12', 'Гильза', 159, 1, 4, '', '1'),
(161, 'ADV-PIPE-16', 'Гильза', 159, 1, 4, '', '1'),
(162, 'ADV-PIPE-20', 'Гильза', 159, 1, 4, '', '1'),
(163, 'ADV-PIPE-25', 'Гильза', 159, 1, 4, '', '1'),
(164, 'ADV-PIPE-32', 'Гильза', 159, 1, 4, '', '1'),
(165, 'ADV-PIPE-40', 'Гильза', 159, 1, 4, '', '1'),
(166, 'ADV-PIPE-50', 'Гильза', 159, 1, 4, '', '1'),
(167, 'ADV-PIPE-63', 'Гильза', 159, 1, 4, '', '1'),
(168, 'ADV-PIPE-80', 'Гильза', 159, 1, 4, '', '1'),
(169, 'ADV-PIPE-100', 'Гильза', 159, 1, 4, '', '1'),
(170, 'ADV-ROD-12', 'Шток', 145, 1, 4, '', '1'),
(171, 'ADV-PIPE-32', 'Гильза', 145, 1, 4, '', '1'),
(172, 'SC-SR-80', 'Пневмоцилиндр', 14, 1, 2, '', '1'),
(173, 'SC-SR-100', 'Пневмоцилиндр', 14, 1, 2, '', '1'),
(174, 'SC-SR-125', 'Пневмоцилиндр', 14, 1, 2, '', '1'),
(175, 'SR/SE-ROD-25', 'Шток', 172, 1, 4, '', '1'),
(176, 'SR-PIPE-80', 'Гильза', 172, 1, 4, '', '1'),
(177, 'SC-TR-H-10', 'Шпилька 10мм', 172, 1, 4, '', '1'),
(178, 'ADV-ROD-10', 'Шток', 143, 1, 4, '', '1'),
(179, 'ADV-PIPE-20', 'Гильза', 143, 1, 4, '', '1'),
(180, 'SR/SE-ROD-20', 'Шток', 4, 1, 4, '', '1'),
(181, 'SR-PIPE-63', 'Гильза', 4, 1, 4, '', '1'),
(182, 'SC-TR-H-8', 'Шпилька 8мм', 4, 4, 4, '', '1'),
(183, 'MAL-ROD-12', 'Шток', 112, 1, 4, '', '1'),
(184, 'MAL-PIPE-32', 'Гильза', 112, 1, 4, '', '1'),
(185, 'RAT', 'Задвижка', 107, 1, 4, '', '1'),
(186, 'SC-ROD-32', 'Шток', 90, 1, 4, 'Внутр. резьба', '1'),
(187, '', 'Серия SC', 21, 1, 1, '', '1'),
(188, 'SC-PIPE-40', 'Гильза', 187, 1, 4, '', '1'),
(189, 'SC-PIPE-50', 'Гильза', 187, 1, 4, '', '1'),
(190, 'SC-PIPE-63', 'Гильза', 187, 1, 4, '', '1'),
(191, 'SC-PIPE-80', 'Гильза', 187, 1, 4, '', '1'),
(192, 'SC-PIPE-100', 'Гильза', 187, 1, 4, '', '1'),
(193, 'SC-PIPE-125', 'Гильза', 187, 1, 4, '', '1'),
(194, 'SC-PIPE-160', 'Гильза', 187, 1, 4, '', '1'),
(195, 'SC-PIPE-200', 'Гильза', 187, 1, 4, '', '1'),
(196, 'SC-PIPE-125', 'Гильза', 90, 1, 4, '', '1'),
(197, 'SC-TR-H-12', 'Шпилька 12мм', 90, 4, 4, '', '1'),
(198, 'SR-PIPE-125', 'Гильза', 95, 1, 4, '', '1'),
(199, 'SA-CU', 'Блок подготовки воздуха', 107, 1, 2, '', '1'),
(200, 'SC-ROD-20', 'Шток', 86, 1, 4, 'Внутр. резьба', '1'),
(201, 'SC-PIPE-50', 'Гильза', 86, 1, 4, '', '1'),
(202, 'SC-TR-H-6', 'Шпилька 6мм', 86, 4, 4, '', '1'),
(203, '', 'Фитинг', 10, 1, 1, '', '1'),
(204, 'SF-Z2543 1/8-1/4-U', 'Фитинг', 203, 1, 2, '', '1'),
(205, '', 'Прочие', 10, 1, 1, '', '1'),
(206, 'Барабан', 'Барабан', 10, 1, 4, '', '1'),
(207, 'SC-ROD-25', 'Шток', 89, 1, 4, 'Внутр. резьба', '1'),
(208, 'SC-PIPE-100', 'Гильза', 89, 1, 4, '', '1'),
(209, 'SC-TR-H-10', 'Шпилька 10мм', 89, 1, 4, '', '1'),
(210, 'SDA-ROD-16', 'Шток', 53, 1, 4, '', '1'),
(211, 'SDA-PIPE-40', 'Гильза', 53, 1, 4, '', '1'),
(212, 'SE-PIPE-50', 'Гильза', 34, 1, 4, '', '1'),
(213, 'SR/SE-ROD-25', 'Шток', 34, 1, 4, '', '1'),
(214, 'SE-PIPE-80', 'Гильза', 36, 1, 4, '', '1'),
(215, 'SC-ROD-25', 'Шток', 36, 1, 4, 'Внутр. резьба', '1'),
(216, 'ADV-PIPE-25', 'Гильза', 36, 1, 4, '', '0'),
(217, 'SC-ROD-25', 'Шток', 37, 1, 4, 'Внутр. резьба', '1'),
(218, 'SE-PIPE-100', 'Гильза', 37, 1, 4, '', '1'),
(219, 'SR/SE-ROD-20', 'Шток', 3, 1, 4, '', '1'),
(220, 'SC-TR-H-8', 'Шпилька 8мм', 3, 1, 4, '', '1'),
(221, 'SR-PIPE-50', 'Гильза', 3, 1, 4, '', '1'),
(222, 'SC-ROD-40', 'Шток', 91, 1, 4, 'Внутр. резьба', '1'),
(223, 'SC-PIPE-160', 'Гильза', 91, 1, 4, '', '1'),
(224, 'SC-TR-H-16', 'Шпилька 16мм', 91, 4, 4, '', '1'),
(225, 'SR-PIPE-100', 'Гильза', 173, 1, 4, '', '1'),
(226, 'SC-TR-H-10', 'Шпилька 10мм', 173, 4, 4, '', '1'),
(227, 'SR/SE-ROD-25', 'Шток', 173, 1, 4, '', '1'),
(228, 'SC-SR-100', 'Пневмоцилиндр', 173, 1, 2, '', '1'),
(229, 'SR/SE-ROD-25', 'Шток', 173, 1, 4, '', '1'),
(230, 'SA-CU', 'Блок подготовки воздуха', 173, 1, 2, '', '1'),
(231, 'SC-ROD-20', 'Шток', 87, 1, 4, 'Внутр. резьба', '1'),
(232, 'SC-TR-H-8', 'Шпилька 8мм', 87, 4, 4, '', '1'),
(233, 'SR-PIPE-63', 'Гильза', 87, 1, 4, '', '1'),
(234, 'SC-SDA-25-B', 'Пневмоцилиндр', 47, 1, 2, '', '1'),
(235, 'SDA-PIPE-25', 'Гильза', 234, 1, 4, '', '1'),
(236, 'SC-SDA-ROD-10-B', 'Шток с наружной резьбой', 61, 1, 4, '', '1'),
(237, 'SC-SDA-ROD-10-B', 'Шток с наружной резьбой', 234, 1, 4, '', '1'),
(238, 'SC-SE-80', 'Пневмоцилиндр', 234, 1, 2, '', '1'),
(239, 'SR/SE-ROD-16', 'Шток', 33, 1, 4, '', '1'),
(240, 'SC-MS-16X', 'Цилиндр', 131, 1, 2, '', '1'),
(241, 'SC-MS/MA-Pipe-16', 'Гильза', 135, 1, 4, '', '1'),
(242, 'SC-MS/MA-Pipe-16', 'Гильза', 240, 1, 4, '', '1'),
(243, 'MA-ROD-6', 'Шток', 240, 1, 4, '', '1');

-- --------------------------------------------------------

--
-- Структура таблицы `product_actions`
--

CREATE TABLE `product_actions` (
  `id` int(11) NOT NULL,
  `symbol` varchar(100) NOT NULL COMMENT 'symbol product',
  `id_data` int(10) NOT NULL COMMENT 'id data_actions',
  `number` tinyint(3) NOT NULL,
  `time_prod` varchar(100) NOT NULL,
  `time_prepar` varchar(100) NOT NULL,
  `note` text NOT NULL,
  `status` enum('0','1') NOT NULL DEFAULT '1'
) ENGINE=MyISAM DEFAULT CHARSET=utf8 ROW_FORMAT=DYNAMIC;

--
-- Дамп данных таблицы `product_actions`
--

INSERT INTO `product_actions` (`id`, `symbol`, `id_data`, `number`, `time_prod`, `time_prepar`, `note`, `status`) VALUES
(1, 'SR/SE-ROD-12', 1, 1, '2', '1', '', '1'),
(2, 'SR/SE-ROD-12', 3, 1, '7', '1', '', '0'),
(3, 'SC-TR-H-6', 1, 1, '1.5', '1', '', '1'),
(4, 'SC-TR-H-6', 3, 2, '2,5', '1', '', '0'),
(5, 'SC-TR-H-6', 3, 2, '2.5', '1', '', '1'),
(6, 'SR/SE-ROD-12', 3, 2, '7', '1', '', '0'),
(7, 'SR/SE-ROD-12', 3, 2, '7', '1', '', '0'),
(8, 'SR/SE-ROD-12', 3, 2, '7', '1', '', '1'),
(9, 'SR-PIPE-32', 1, 1, '2', '1', '', '1'),
(10, 'SR-PIPE-32', 2, 2, '10', '1', '', '1'),
(11, 'SC-SR-32', 6, 1, '19', '', '', '1'),
(12, 'SR/SE-ROD-12', 4, 3, '5', '1', '', '1'),
(13, 'MAL-ROD-8', 1, 1, '3', '1', '', '1'),
(14, 'MAL-ROD-8', 3, 2, '6', '1', '', '1'),
(15, 'MAL-ROD-8', 2, 3, '10', '1', '', '1'),
(16, 'MAL-ROD-8', 4, 4, '5', '1', '', '1'),
(17, 'MAL-PIPE-20', 1, 1, '3', '1', '', '1'),
(18, 'MAL-PIPE-20', 2, 2, '25', '1', '', '1'),
(19, 'SC-MAL-16', 6, 1, '19', '', '', '1'),
(20, 'SC-MAL-20', 6, 1, '19', '1', '', '1'),
(21, 'MAL-ROD-16', 1, 1, '3', '1', '', '1'),
(22, 'MAL-ROD-16', 3, 2, '7', '1', '', '1'),
(23, 'MAL-ROD-16', 2, 3, '10', '1', '', '1'),
(24, 'MAL-ROD-16', 4, 4, '5', '1', '', '1'),
(25, 'MAL-PIPE-40', 1, 1, '3', '1', '', '1'),
(26, 'MAL-PIPE-40', 2, 2, '25', '1', '', '1'),
(27, 'SC-MAL-40', 6, 1, '19', '', '', '1'),
(28, 'MA/MS-ROD-6', 1, 1, '3', '1', '', '1'),
(29, 'MA/MS-ROD-6', 3, 1, '6', '1', '', '1'),
(30, 'MS/MA-PIPE-10', 1, 1, '3', '1', '', '1'),
(31, 'MS/MA-PIPE-10', 2, 1, '8', '1', '', '1'),
(32, 'SC-MA-10', 6, 1, '12', '', '', '1'),
(33, 'SDA-ROD-8', 1, 1, '3', '1', '', '1'),
(34, 'SDA-ROD-8', 2, 2, '20', '1', '', '1'),
(35, 'SDA-ROD-8', 4, 2, '5', '1', '', '1'),
(36, 'SDA-PIPE-20', 1, 1, '3', '1', '', '1'),
(37, 'SDA-PIPE-20', 2, 2, '30', '1', '', '1'),
(38, 'SDA-PIPE-20', 5, 3, '20', '', '', '1'),
(39, 'SC-SDA-20', 6, 1, '19', '', '', '1'),
(40, 'ADV-ROD-12', 1, 1, '3', '1', '', '1'),
(41, 'ADV-ROD-12', 3, 2, '7', '1', '', '1'),
(42, 'ADV-ROD-12', 2, 3, '14', '1', '', '1'),
(43, 'ADV-ROD-12', 4, 4, '6', '1', '', '1'),
(44, 'ADV-PIPE-32', 1, 1, '3', '1', '', '1'),
(45, 'ADV-PIPE-32', 2, 2, '18', '1', '', '1'),
(46, 'ADV-PIPE-32', 5, 3, '24', '', '', '1'),
(47, 'SC-ADV-32', 6, 1, '19', '', '', '1'),
(48, 'SC-SR-80', 6, 1, '19', '', '', '1'),
(49, 'SR/SE-ROD-25', 1, 1, '3', '1', '', '1'),
(50, 'SR/SE-ROD-25', 3, 2, '10', '1', '', '1'),
(51, 'SR/SE-ROD-25', 4, 1, '6', '1', '', '1'),
(52, 'SR-PIPE-80', 1, 1, '3', '1', '', '1'),
(53, 'SR-PIPE-80', 2, 1, '12', '1', '', '1'),
(54, 'SC-TR-H-10', 1, 1, '2', '1', '', '1'),
(55, 'SC-TR-H-10', 3, 2, '3', '1', '', '1'),
(56, 'SC-ADV-20', 6, 1, '19', '', '', '1'),
(57, 'ADV-ROD-10', 1, 1, '3', '1', '', '1'),
(58, 'ADV-ROD-10', 3, 2, '6', '1', '', '1'),
(59, 'ADV-ROD-10', 2, 3, '7', '1', '', '1'),
(60, 'ADV-ROD-10', 4, 4, '5', '1', '', '1'),
(61, 'ADV-PIPE-20', 1, 1, '3', '1', '', '1'),
(62, 'ADV-PIPE-20', 2, 2, '15', '1', '', '1'),
(63, 'ADV-PIPE-20', 5, 3, '20', '', '', '1'),
(64, 'SC-SR-63', 6, 1, '19', '5', '', '1'),
(65, 'SR/SE-ROD-20', 1, 1, '3', '1', '', '1'),
(66, 'SR/SE-ROD-20', 2, 3, '10', '1', '', '1'),
(67, 'SR/SE-ROD-20', 4, 4, '5', '1', '', '1'),
(68, 'SR-PIPE-63', 1, 1, '3', '1', '', '1'),
(69, 'SR-PIPE-63', 2, 2, '10', '1', '', '1'),
(70, 'SR-PIPE-63', 4, 3, '5', '1', '', '0'),
(71, 'SC-TR-H-8', 1, 1, '2', '1', '', '1'),
(72, 'SC-TR-H-8', 3, 2, '2.5', '1', '', '1'),
(73, 'SC-MAL-32', 6, 1, '19', '5', '', '1'),
(74, 'MAL-ROD-12', 1, 1, '3', '1', '', '1'),
(75, 'MAL-ROD-12', 3, 2, '6', '1', '', '1'),
(76, 'MAL-ROD-12', 2, 2, '10', '1', '', '1'),
(77, 'MAL-ROD-12', 4, 4, '5', '1', '', '1'),
(78, 'MAL-PIPE-32', 1, 1, '3', '1', '', '1'),
(79, 'MAL-PIPE-32', 2, 2, '25', '1', '', '1'),
(80, 'RAT', 6, 1, '15', '', '', '1'),
(81, 'SC-SC-125', 6, 1, '22', '', '', '1'),
(82, 'SC-ROD-32', 1, 1, '3', '1', '', '1'),
(83, 'SC-ROD-32', 3, 2, '8', '1', '', '0'),
(84, 'SC-ROD-32', 2, 3, '12', '1', '', '1'),
(85, 'SC-ROD-32', 4, 4, '6', '1', '', '1'),
(86, 'SC-PIPE-125', 1, 1, '3', '1', '', '1'),
(87, 'SC-PIPE-125', 2, 2, '12', '1', '', '1'),
(88, 'SC-TR-H-12', 1, 1, '2', '1', '', '1'),
(89, 'SC-TR-H-12', 3, 2, '2.5', '1', '', '1'),
(90, 'SR-PIPE-125', 1, 1, '3', '1', '', '1'),
(91, 'SR-PIPE-125', 2, 2, '12', '1', '', '1'),
(92, 'SC-ROD-25', 1, 1, '3', '1', '', '1'),
(93, 'SC-ROD-25', 3, 2, '8', '1', '', '1'),
(94, 'SC-ROD-25', 2, 3, '12', '1', '', '1'),
(95, 'SC-ROD-25', 4, 4, '6', '1', '', '1'),
(96, 'SA-CU', 6, 1, '10', '', '', '1'),
(97, 'SC-ROD-32', 2, 3, '10', '1', '', '1'),
(98, 'SC-ROD-20', 1, 1, '3', '1', '', '1'),
(99, 'SC-ROD-20', 3, 2, '7', '1', '', '1'),
(100, 'SC-ROD-20', 2, 3, '10', '1', '', '1'),
(101, 'SC-ROD-20', 4, 5, '5', '1', '', '1'),
(102, 'SC-PIPE-50', 1, 1, '3', '1', '', '1'),
(103, 'SC-PIPE-50', 2, 2, '10', '1', '', '1'),
(104, 'SC-SC-50', 6, 1, '19', '', '', '1'),
(105, 'SR/SE-ROD-20', 3, 2, '7', '1', '', '1'),
(106, 'SF-Z2543 1/8-1/4-U', 1, 1, '1', '1', '', '1'),
(107, 'SF-Z2543 1/8-1/4-U', 2, 2, '25', '4', '', '1'),
(108, 'Барабан', 2, 1, '15', '5', '', '1'),
(109, 'SC-PIPE-100', 1, 1, '3', '1', '', '1'),
(110, 'SC-PIPE-100', 2, 2, '12', '1', '', '1'),
(111, 'SC-SC-100', 6, 1, '22', '', '', '1'),
(112, 'SDA-ROD-16', 1, 1, '3', '1', '', '1'),
(113, 'SDA-ROD-16', 3, 2, '7', '1', '', '1'),
(114, 'SDA-ROD-16', 2, 3, '14', '1', '', '1'),
(115, 'SDA-ROD-16', 4, 4, '6', '1', '', '1'),
(116, 'SDA-PIPE-40', 1, 1, '3', '1', '', '1'),
(117, 'SDA-PIPE-40', 0, 2, '40', '1', '', '0'),
(118, 'SDA-PIPE-40', 2, 2, '30', '1', '', '1'),
(119, 'SC-SDA-40', 6, 1, '18', '', '', '1'),
(120, 'SC-SE-50', 6, 1, '19', '1', '', '1'),
(121, 'SE-PIPE-50', 1, 1, '2', '1', '', '1'),
(122, 'SE-PIPE-50', 2, 2, '10', '5', '', '1'),
(123, 'SE-PIPE-50', 5, 4, '10', '5', '', '1'),
(124, 'SR-PIPE-40', 1, 1, '3', '1', '', '1'),
(125, 'SR-PIPE-40', 3, 2, '7', '1', '', '0'),
(126, 'SE-PIPE-80', 1, 1, '5', '1', '', '1'),
(127, 'SE-PIPE-80', 2, 2, '10', '5', '', '1'),
(128, 'SR-PIPE-40', 2, 2, '10', '1', '', '1'),
(129, 'SE-PIPE-80', 5, 3, '15', '5', '', '1'),
(130, 'SR/SE-ROD-16', 1, 1, '3', '1', '', '1'),
(131, 'SR/SE-ROD-16', 3, 2, '7', '1', '', '1'),
(132, 'SR/SE-ROD-16', 4, 3, '5', '1', '', '1'),
(133, 'SC-SR-40', 6, 1, '19', '', '', '1'),
(134, 'SC-ADV-25', 6, 1, '20', '4', '', '1'),
(135, 'ADV-PIPE-25', 1, 1, '5', '1', '', '1'),
(136, 'ADV-PIPE-25', 2, 2, '5', '2', '', '1'),
(137, 'ADV-PIPE-25', 5, 3, '12', '5', '', '1'),
(138, 'SE-PIPE-100', 1, 1, '5', '2', '', '1'),
(139, 'SE-PIPE-100', 2, 2, '15', '5', '', '1'),
(140, 'SE-PIPE-100', 5, 3, '15', '5', '', '1'),
(141, 'SC-SE-100 ', 6, 1, '22', '', '', '1'),
(142, 'SC-SE-80', 6, 1, '22', '5', '', '1'),
(143, 'SC-SR-50', 6, 1, '15', '5', '', '1'),
(144, 'SR-PIPE-50', 1, 1, '2', '1', '', '1'),
(145, 'SR-PIPE-50', 2, 2, '15', '5', '', '1'),
(146, 'SC-TR-H-16', 1, 1, '2', '1', '', '1'),
(147, 'SC-TR-H-16', 3, 2, '5', '2', '', '1'),
(148, 'SC-ROD-40', 1, 1, '4', '1', '', '1'),
(149, 'SC-ROD-40', 3, 2, '15', '1', '', '1'),
(150, 'SC-ROD-40', 2, 3, '15', '5', '', '1'),
(151, 'SC-ROD-40', 4, 4, '10', '3', '', '1'),
(152, 'SC-PIPE-160', 1, 1, '7', '2', '', '1'),
(153, 'SC-PIPE-160', 2, 2, '20', '10', '', '1'),
(154, 'SC-SC-160', 6, 9, '20', '5', '', '1'),
(155, 'SC-SR-100', 6, 9, '15', '7', '', '1'),
(156, 'SR-PIPE-100', 1, 1, '4', '1', '', '1'),
(157, 'SR-PIPE-100', 2, 2, '15', '5', '', '1'),
(158, 'SDA-PIPE-25', 1, 1, '5', '1', '', '1'),
(159, 'SDA-PIPE-25', 2, 2, '10', '4', '', '1'),
(160, 'SDA-PIPE-25', 3, 3, '20', '5', '', '1'),
(161, 'SDA-PIPE-25', 5, 4, '25', '3', '', '1'),
(162, 'SC-SDA-ROD-10-B', 1, 1, '2', '1', '', '1'),
(163, 'SC-SDA-ROD-10-B', 3, 2, '15', '5', '', '1'),
(164, 'SC-SDA-ROD-10-B', 4, 3, '5', '2', '', '1'),
(165, 'SC-SDA-25-B', 6, 6, '25', '8', '', '1'),
(166, 'SC-SR-63', 6, 4, '20', '5', '', '0'),
(167, 'SC-SE-PIPE-40', 1, 1, '3', '1', '', '1'),
(168, 'SC-SE-PIPE-40', 2, 2, '15', '5', '', '1'),
(169, 'SC-SE-PIPE-40', 5, 3, '20', '4', '', '1'),
(170, 'SC-SE-40', 6, 8, '20', '5', '', '1'),
(171, 'SC-MS-16X', 6, 5, '15', '2', '', '1'),
(172, 'SC-MS-16X', 7, 6, '15', '8', '', '1'),
(173, 'SC-MS/MA-Pipe-16', 1, 1, '4', '2', '', '1'),
(174, 'SC-MS/MA-Pipe-16', 2, 2, '10', '5', '', '1'),
(175, 'MA-ROD-6', 1, 1, '3', '2', '', '1'),
(176, 'MA-ROD-6', 3, 2, '8', '2', '', '1'),
(177, 'MA-ROD-6', 2, 3, '10', '2', '', '1'),
(178, 'MA-ROD-6', 4, 4, '8', '2', '', '1');

-- --------------------------------------------------------

--
-- Структура таблицы `users`
--

CREATE TABLE `users` (
  `id` int(11) NOT NULL,
  `login` varchar(50) NOT NULL,
  `password` varchar(50) NOT NULL,
  `name` varchar(100) NOT NULL,
  `title` varchar(100) NOT NULL,
  `position` int(11) NOT NULL COMMENT 'должность',
  `status` enum('0','1') NOT NULL DEFAULT '1'
) ENGINE=MyISAM DEFAULT CHARSET=utf8;

--
-- Дамп данных таблицы `users`
--

INSERT INTO `users` (`id`, `login`, `password`, `name`, `title`, `position`, `status`) VALUES
(1, 'Priymak', '123', 'Владимир', 'Приймак В.', 0, '1'),
(2, 'Logvinov', '12345', 'О', 'Логвинов О.', 1, '1'),
(3, 'Kovbasa', '54321', 'Юрий', 'Ковбаса Ю.', 1, '1'),
(4, '0312', '031289', 'Владислав', 'Земляной В.', 0, '1');

-- --------------------------------------------------------

--
-- Структура таблицы `user_options`
--

CREATE TABLE `user_options` (
  `id` int(11) NOT NULL,
  `name` varchar(100) NOT NULL,
  `value` varchar(100) NOT NULL,
  `id_user` int(11) NOT NULL,
  `status` enum('0','1') NOT NULL DEFAULT '1'
) ENGINE=MyISAM DEFAULT CHARSET=utf8;

--
-- Дамп данных таблицы `user_options`
--

INSERT INTO `user_options` (`id`, `name`, `value`, `id_user`, `status`) VALUES
(1, 'default_type_order', '1', 2, '1'),
(2, 'default_product_action', '3', 2, '1'),
(3, 'default_type_order', '1', 3, '1'),
(4, 'default_product_action', '6', 3, '1'),
(5, 'price_worker_hour', '51,14', 2, '1'),
(6, 'price_worker_hour', '51,14', 3, '1');

--
-- Индексы сохранённых таблиц
--

--
-- Индексы таблицы `data_actions`
--
ALTER TABLE `data_actions`
  ADD PRIMARY KEY (`id`);

--
-- Индексы таблицы `orders`
--
ALTER TABLE `orders`
  ADD PRIMARY KEY (`id`);

--
-- Индексы таблицы `order_actions`
--
ALTER TABLE `order_actions`
  ADD PRIMARY KEY (`id`);

--
-- Индексы таблицы `order_action_states`
--
ALTER TABLE `order_action_states`
  ADD PRIMARY KEY (`id`);

--
-- Индексы таблицы `order_action_unplan`
--
ALTER TABLE `order_action_unplan`
  ADD PRIMARY KEY (`id`);

--
-- Индексы таблицы `order_content`
--
ALTER TABLE `order_content`
  ADD PRIMARY KEY (`id`);

--
-- Индексы таблицы `order_positions`
--
ALTER TABLE `order_positions`
  ADD PRIMARY KEY (`id`);

--
-- Индексы таблицы `products`
--
ALTER TABLE `products`
  ADD PRIMARY KEY (`id`);

--
-- Индексы таблицы `product_actions`
--
ALTER TABLE `product_actions`
  ADD PRIMARY KEY (`id`);

--
-- Индексы таблицы `users`
--
ALTER TABLE `users`
  ADD PRIMARY KEY (`id`),
  ADD UNIQUE KEY `login` (`login`);

--
-- Индексы таблицы `user_options`
--
ALTER TABLE `user_options`
  ADD PRIMARY KEY (`id`);

--
-- AUTO_INCREMENT для сохранённых таблиц
--

--
-- AUTO_INCREMENT для таблицы `data_actions`
--
ALTER TABLE `data_actions`
  MODIFY `id` int(11) NOT NULL AUTO_INCREMENT, AUTO_INCREMENT=8;

--
-- AUTO_INCREMENT для таблицы `orders`
--
ALTER TABLE `orders`
  MODIFY `id` int(11) NOT NULL AUTO_INCREMENT, AUTO_INCREMENT=48;

--
-- AUTO_INCREMENT для таблицы `order_actions`
--
ALTER TABLE `order_actions`
  MODIFY `id` int(11) NOT NULL AUTO_INCREMENT, AUTO_INCREMENT=320;

--
-- AUTO_INCREMENT для таблицы `order_action_states`
--
ALTER TABLE `order_action_states`
  MODIFY `id` int(11) NOT NULL AUTO_INCREMENT;

--
-- AUTO_INCREMENT для таблицы `order_action_unplan`
--
ALTER TABLE `order_action_unplan`
  MODIFY `id` int(11) NOT NULL AUTO_INCREMENT, AUTO_INCREMENT=18;

--
-- AUTO_INCREMENT для таблицы `order_content`
--
ALTER TABLE `order_content`
  MODIFY `id` int(11) NOT NULL AUTO_INCREMENT, AUTO_INCREMENT=59;

--
-- AUTO_INCREMENT для таблицы `order_positions`
--
ALTER TABLE `order_positions`
  MODIFY `id` int(11) NOT NULL AUTO_INCREMENT, AUTO_INCREMENT=63;

--
-- AUTO_INCREMENT для таблицы `products`
--
ALTER TABLE `products`
  MODIFY `id` int(11) NOT NULL AUTO_INCREMENT, AUTO_INCREMENT=244;

--
-- AUTO_INCREMENT для таблицы `product_actions`
--
ALTER TABLE `product_actions`
  MODIFY `id` int(11) NOT NULL AUTO_INCREMENT, AUTO_INCREMENT=179;

--
-- AUTO_INCREMENT для таблицы `users`
--
ALTER TABLE `users`
  MODIFY `id` int(11) NOT NULL AUTO_INCREMENT, AUTO_INCREMENT=5;

--
-- AUTO_INCREMENT для таблицы `user_options`
--
ALTER TABLE `user_options`
  MODIFY `id` int(11) NOT NULL AUTO_INCREMENT, AUTO_INCREMENT=7;
COMMIT;

/*!40101 SET CHARACTER_SET_CLIENT=@OLD_CHARACTER_SET_CLIENT */;
/*!40101 SET CHARACTER_SET_RESULTS=@OLD_CHARACTER_SET_RESULTS */;
/*!40101 SET COLLATION_CONNECTION=@OLD_COLLATION_CONNECTION */;
